00002_931230_pr.jpg,11
00002_940928_fb.jpg,16
00003_941121_fa.jpg,12
00005_941121_hr.jpg,20
00005_941121_pl.jpg,9
00005_941121_qr.jpg,20
00005_941121_ra.jpg,2
00006_931230_fb.jpg,6
00006_931230_hr.jpg,11
00006_931230_pr.jpg,11
00013_931230_hr.jpg,7
00019_940307_hl.jpg,8
00019_940307_hr.jpg,8
00020_931230_fa.jpg,6
00020_931230_fb.jpg,6
00020_931230_hr.jpg,13
00020_931230_pl.jpg,17
00020_931230_pr.jpg,11
00024_940128_hr_a.jpg,21
00026_931230_fa_a.jpg,8
00028_940128_fa.jpg,13
00028_940128_fb.jpg,13
00028_940128_pl.jpg,15
00028_940128_pr.jpg,10
00028_940928_fa.jpg,16
00028_940928_hl.jpg,2
00028_940928_hr.jpg,21
00029_940928_rc.jpg,21
00029_960530_pr.jpg,18
00029_960627_pr.jpg,22
00029_960627_rc.jpg,20
00038_940128_hl.jpg,13
00038_940128_pl.jpg,15
00038_940128_pr.jpg,7
00040_931230_fb.jpg,6
00040_931230_hr.jpg,6
00040_931230_pl.jpg,16
00044_931230_hl.jpg,6
00044_931230_pl.jpg,23
00044_931230_pr.jpg,11
00046_931230_fa.jpg,6
00046_931230_pl.jpg,17
00046_931230_pr.jpg,11
00047_931230_fa.jpg,6
00048_931230_fa_a.jpg,6
00048_931230_fb_a.jpg,6
00049_931230_fb.jpg,6
00049_931230_hl.jpg,6
00049_931230_pl.jpg,17
00049_931230_pr.jpg,11
00050_931230_fa.jpg,6
00050_931230_pr.jpg,11
00051_931230_fb.jpg,6
00052_931230_fa.jpg,6
00052_931230_hl.jpg,17
00052_931230_pl.jpg,17
00052_931230_pr.jpg,11
00053_931230_fa.jpg,0
00053_931230_fb.jpg,0
00053_931230_pl.jpg,17
00054_931230_fa_a.jpg,6
00054_931230_fb_a.jpg,6
00054_931230_hl_a.jpg,23
00054_931230_pl_a.jpg,17
00056_931230_fb.jpg,6
00056_931230_pr.jpg,11
00057_931230_fa.jpg,6
00057_931230_pl.jpg,17
00057_931230_pr.jpg,13
00058_931230_fa.jpg,6
00058_931230_hl.jpg,6
00058_931230_pl.jpg,17
00058_931230_pr.jpg,11
00059_931230_fb.jpg,6
00059_931230_pr.jpg,11
00060_931230_fb.jpg,6
00061_931230_hl.jpg,17
00061_931230_pl.jpg,17
00061_931230_pr.jpg,11
00062_931230_fa.jpg,6
00062_931230_fb.jpg,6
00062_931230_pr.jpg,11
00063_931230_fb.jpg,6
00063_931230_hr.jpg,6
00063_931230_pl.jpg,17
00064_931230_fa.jpg,6
00064_931230_fb.jpg,6
00064_931230_hr.jpg,6
00064_931230_pl.jpg,17
00065_931230_fb.jpg,6
00065_931230_hr.jpg,6
00065_931230_pl.jpg,17
00065_931230_pr.jpg,11
00066_931230_fa_a.jpg,6
00066_931230_hl_a.jpg,6
00066_931230_pr_a.jpg,11
00067_931230_fb_a.jpg,6
00067_931230_pl_a.jpg,17
00067_931230_pr_a.jpg,11
00068_931230_fb.jpg,0
00068_931230_hl.jpg,17
00068_931230_pl.jpg,17
00069_931230_fb.jpg,6
00070_940422_fa.jpg,16
00070_940422_pl.jpg,15
00070_941031_pr.jpg,7
00070_941121_pl.jpg,3
00071_931230_hl.jpg,6
00071_940128_fa.jpg,0
00072_931230_fa.jpg,8
00072_931230_hr.jpg,8
00073_931230_fa.jpg,6
00073_931230_fb.jpg,6
00073_931230_hl.jpg,6
00074_931230_fa_a.jpg,6
00074_931230_fb_a.jpg,6
00074_931230_hl_a.jpg,6
00074_931230_pr_a.jpg,11
00075_931230_fa.jpg,6
00075_931230_pl.jpg,17
00076_931230_fa.jpg,6
00076_931230_fb.jpg,6
00076_931230_hr.jpg,6
00076_931230_pl.jpg,17
00076_931230_pr.jpg,11
00077_931230_fa.jpg,6
00077_931230_hr.jpg,6
00077_931230_pl.jpg,17
00077_931230_pr.jpg,11
00078_931230_fa_a.jpg,6
00078_931230_pl_a.jpg,17
00078_931230_pr_a.jpg,11
00079_931230_pl_a.jpg,17
00079_931230_pr_a.jpg,11
00080_931230_fa.jpg,6
00080_931230_fb.jpg,6
00080_931230_hr.jpg,6
00080_931230_pr.jpg,11
00081_940928_fb.jpg,5
00081_941031_rd.jpg,21
00082_931230_fa.jpg,6
00082_931230_fb.jpg,6
00082_931230_hr.jpg,6
00082_931230_pl.jpg,17
00082_931230_pr.jpg,11
00083_931230_fb_a.jpg,6
00083_931230_pl_a.jpg,17
00083_931230_pr_a.jpg,11
00083_940128_fa_a.jpg,13
00084_931230_fa.jpg,6
00084_931230_hr.jpg,13
00084_931230_pl.jpg,17
00084_931230_pr.jpg,11
00085_931230_fa.jpg,6
00085_931230_pl.jpg,17
00086_931230_fa.jpg,6
00086_931230_hr.jpg,6
00086_940422_hr.jpg,13
00086_940422_pr.jpg,20
00087_931230_fb_a.jpg,9
00087_931230_hr_a.jpg,9
00088_931230_fa_a.jpg,14
00088_931230_hr_a.jpg,17
00088_931230_pl_a.jpg,17
00088_931230_pr_a.jpg,1
00089_931230_fb.jpg,6
00089_931230_hr.jpg,11
00089_931230_pl.jpg,17
00090_931230_fa.jpg,6
00090_931230_fb.jpg,6
00090_931230_hr.jpg,6
00090_931230_pl.jpg,17
00090_931230_pr.jpg,11
00091_931230_fa.jpg,6
00091_931230_hr.jpg,6
00091_931230_pl.jpg,17
00092_931230_fa.jpg,0
00092_931230_fb.jpg,0
00092_931230_hr.jpg,0
00092_931230_pl.jpg,4
00092_931230_pr.jpg,7
00093_931230_fb.jpg,6
00093_941031_rc.jpg,13
00093_941121_fb.jpg,13
00093_941121_ql.jpg,13
00094_931230_fa_a.jpg,17
00094_931230_fb_a.jpg,6
00094_931230_pl_a.jpg,17
00095_931230_hr.jpg,5
00095_940128_fa.jpg,19
00095_940128_fb.jpg,19
00095_940128_pl.jpg,15
00095_940128_pr.jpg,22
00096_931230_fa.jpg,6
00096_931230_hr.jpg,13
00096_931230_pr.jpg,11
00097_931230_hr.jpg,5
00097_931230_pr.jpg,11
00098_931230_fa.jpg,6
00098_931230_fb.jpg,6
00098_931230_hr.jpg,11
00099_931230_fb_a.jpg,17
00099_931230_hr_a.jpg,5
00099_931230_pl_a.jpg,17
00099_931230_pr_a.jpg,12
00100_931230_fb_a.jpg,6
00100_931230_hr_a.jpg,6
00100_931230_pr_a.jpg,11
00101_931230_fb.jpg,6
00101_931230_hr.jpg,0
00101_931230_pr.jpg,11
00102_931230_fb.jpg,12
00102_931230_hr.jpg,5
00102_931230_pl.jpg,4
00102_931230_pr.jpg,11
00103_931230_fa_a.jpg,6
00103_931230_fb_a.jpg,6
00103_931230_hr_a.jpg,6
00103_931230_pl_a.jpg,17
00103_931230_pr_a.jpg,11
00104_931230_fa.jpg,6
00104_931230_fb.jpg,6
00104_931230_hr.jpg,6
00104_931230_pr.jpg,11
00105_931230_fa.jpg,6
00105_931230_fb.jpg,6
00105_931230_pl.jpg,17
00106_931230_fa_a.jpg,6
00106_931230_fb_a.jpg,6
00106_931230_hr_a.jpg,6
00106_931230_pr_a.jpg,11
00107_941031_rd.jpg,7
00107_941121_pl.jpg,2
00107_941121_rc.jpg,20
00108_931230_hr.jpg,6
00108_941031_ql.jpg,5
00108_941031_rd.jpg,5
00109_931230_fa.jpg,6
00109_931230_hr.jpg,6
00109_931230_pr.jpg,11
00110_931230_fb.jpg,14
00110_931230_hr.jpg,14
00110_931230_pl.jpg,17
00111_931230_fb.jpg,1
00111_931230_pl.jpg,17
00112_931230_fb.jpg,9
00112_931230_hr.jpg,1
00112_931230_pl.jpg,17
00113_931230_fa_a.jpg,6
00113_931230_pr_a.jpg,11
00115_931230_hr.jpg,6
00115_931230_pl.jpg,17
00115_931230_pr.jpg,11
00116_931230_fa.jpg,6
00116_931230_fb.jpg,6
00116_931230_pl.jpg,17
00116_931230_pr.jpg,11
00117_931230_fa_a.jpg,6
00117_931230_hl_a.jpg,23
00117_931230_pl_a.jpg,17
00117_931230_pr_a.jpg,11
00118_931230_fa_a.jpg,17
00118_931230_fb_a.jpg,17
00118_931230_hr_a.jpg,17
00119_931230_fa.jpg,6
00119_931230_fb.jpg,6
00119_931230_pr.jpg,1
00120_931230_fa.jpg,6
00120_931230_hr.jpg,6
00120_931230_pr.jpg,11
00121_931230_pr.jpg,1
00122_931230_fb.jpg,6
00123_931230_fa.jpg,9
00123_931230_fb.jpg,9
00123_931230_pl.jpg,17
00123_931230_pr.jpg,19
00124_931230_fa.jpg,14
00124_931230_fb.jpg,17
00124_931230_pl.jpg,17
00124_931230_pr.jpg,11
00125_931230_fa.jpg,3
00125_931230_fb.jpg,3
00125_931230_pl.jpg,17
00126_931230_fb.jpg,6
00126_931230_hr.jpg,6
00126_931230_pr.jpg,11
00127_931230_fa.jpg,6
00127_931230_pl.jpg,17
00128_931230_fb_a.jpg,6
00128_931230_hr_a.jpg,6
00128_931230_pl_a.jpg,17
00128_931230_pr_a.jpg,11
00129_931230_hr.jpg,17
00129_931230_pl.jpg,9
00129_931230_pr.jpg,9
00130_931230_fa.jpg,6
00130_931230_fb.jpg,6
00130_931230_pl.jpg,6
00130_931230_pr.jpg,6
00131_931230_hr.jpg,6
00131_931230_pl.jpg,6
00131_931230_pr.jpg,6
00132_931230_fb.jpg,6
00133_931230_fb.jpg,8
00133_931230_hl.jpg,8
00133_931230_hr.jpg,8
00133_931230_pr.jpg,14
00134_931230_pl_a.jpg,17
00134_931230_pr_a.jpg,11
00135_931230_fa_a.jpg,14
00135_931230_hl_a.jpg,14
00135_931230_hr_a.jpg,14
00135_931230_pr_a.jpg,8
00136_931230_pl.jpg,17
00136_931230_pr.jpg,11
00137_931230_fa_a.jpg,6
00137_931230_fb_a.jpg,6
00137_931230_hr_a.jpg,6
00137_931230_pl_a.jpg,17
00139_931230_fa.jpg,6
00139_931230_fb.jpg,6
00139_931230_pl.jpg,17
00140_941121_fa.jpg,22
00141_931230_pr.jpg,11
00142_931230_fa.jpg,6
00142_931230_fb.jpg,6
00142_931230_hl.jpg,6
00142_931230_pl.jpg,17
00144_931230_fa.jpg,6
00145_931230_fa.jpg,6
00145_931230_fb.jpg,6
00145_931230_hl.jpg,6
00145_931230_pl.jpg,17
00146_941201_rd.jpg,20
00146_960620_hr.jpg,18
00147_931230_fa.jpg,6
00147_931230_fb.jpg,6
00147_931230_pl.jpg,17
00148_931230_fa.jpg,6
00148_931230_fb.jpg,6
00148_931230_hr.jpg,6
00148_931230_pl.jpg,17
00148_931230_pr.jpg,11
00149_931230_fb.jpg,9
00149_931230_hr.jpg,5
00150_931230_fa_a.jpg,8
00150_931230_hl_a.jpg,8
00150_931230_pr_a.jpg,14
00150_940128_fa_a.jpg,13
00150_940128_pr_a.jpg,21
00152_931230_fa.jpg,6
00152_931230_fb.jpg,6
00153_931230_fa.jpg,14
00153_931230_hr.jpg,14
00154_931230_fb.jpg,0
00154_931230_pr.jpg,11
00154_940128_hl.jpg,2
00154_940128_hr.jpg,0
00154_940128_pl.jpg,15
00154_940128_pr.jpg,7
00155_931230_fb.jpg,6
00155_931230_pl.jpg,17
00155_931230_pr.jpg,11
00155_940128_fa.jpg,13
00155_940128_fb.jpg,13
00155_940128_hl.jpg,13
00156_931230_fa_a.jpg,6
00156_931230_fb_a.jpg,6
00156_931230_hr_a.jpg,11
00156_931230_pr_a.jpg,11
00157_940128_hr_a.jpg,7
00157_940928_pr.jpg,10
00158_931230_fa.jpg,6
00158_931230_fb.jpg,6
00158_931230_hr.jpg,6
00158_931230_pl.jpg,17
00158_931230_pr.jpg,11
00159_931230_fb.jpg,6
00159_931230_hl.jpg,6
00159_931230_pl.jpg,17
00160_931230_fa_a.jpg,6
00160_931230_hl_a.jpg,23
00160_931230_pl_a.jpg,17
00160_931230_pr_a.jpg,11
00161_931230_fa_a.jpg,14
00161_931230_hl_a.jpg,14
00161_931230_pr_a.jpg,14
00162_931230_fb.jpg,8
00163_931230_fb.jpg,6
00163_931230_pl.jpg,17
00164_931230_fb_a.jpg,6
00164_931230_hl_a.jpg,17
00164_931230_pl_a.jpg,17
00165_931230_fa_a.jpg,6
00165_931230_fb_a.jpg,6
00165_931230_hl_a.jpg,6
00165_931230_pl_a.jpg,17
00165_931230_pr_a.jpg,11
00166_931230_fb.jpg,6
00166_931230_hr.jpg,6
00166_931230_pl.jpg,17
00166_931230_pr.jpg,11
00167_931230_fa.jpg,6
00167_931230_fb.jpg,9
00167_931230_hr.jpg,12
00167_931230_pl.jpg,17
00167_931230_pr.jpg,11
00168_931230_fa_a.jpg,6
00168_931230_fb_a.jpg,6
00168_931230_hl_a.jpg,6
00168_931230_pl_a.jpg,17
00168_931230_pr_a.jpg,11
00169_931230_fa_a.jpg,6
00169_931230_fb_a.jpg,6
00169_931230_pl_a.jpg,17
00170_931230_fb.jpg,6
00170_931230_hr.jpg,6
00170_931230_pr.jpg,11
00171_931230_pr.jpg,11
00172_931230_fa.jpg,6
00172_931230_hr.jpg,6
00172_931230_pl.jpg,17
00172_931230_pr.jpg,11
00173_931230_fa_a.jpg,6
00173_931230_hr_a.jpg,6
00173_931230_pl_a.jpg,17
00173_931230_pr_a.jpg,11
00174_931230_fa_a.jpg,6
00174_931230_hl_a.jpg,17
00175_931230_fa_a.jpg,13
00175_931230_fb_a.jpg,13
00175_931230_hr_a.jpg,5
00175_931230_pl_a.jpg,17
00175_931230_pr_a.jpg,11
00176_931230_fa.jpg,6
00176_931230_fb.jpg,6
00176_931230_pl.jpg,17
00176_931230_pr.jpg,11
00177_931230_hr_a.jpg,5
00177_931230_pl_a.jpg,17
00177_931230_pr_a.jpg,11
00178_931230_fa.jpg,6
00178_931230_fb.jpg,6
00178_931230_hr.jpg,6
00178_931230_pl.jpg,17
00178_931230_pr.jpg,11
00179_931230_fa.jpg,6
00179_931230_fb.jpg,6
00179_931230_pl.jpg,17
00180_931230_fb.jpg,6
00180_931230_hr.jpg,6
00180_931230_pr.jpg,11
00181_931230_hr.jpg,5
00181_931230_pl.jpg,16
00181_931230_pr.jpg,11
00182_931230_fb.jpg,14
00183_940128_fa.jpg,21
00183_940128_fb.jpg,16
00183_940128_pl.jpg,23
00183_940128_pr.jpg,16
00184_940128_fa.jpg,13
00184_940128_fb.jpg,13
00184_940128_pl.jpg,15
00184_940128_pr.jpg,10
00184_940422_fa.jpg,13
00184_940422_fb.jpg,13
00184_940422_hl.jpg,2
00185_940128_fa.jpg,0
00185_940128_fb.jpg,0
00185_940128_hl.jpg,14
00186_940128_fb_a.jpg,19
00186_940128_hr_a.jpg,21
00186_940128_pl_a.jpg,19
00186_940128_pr_a.jpg,21
00188_940128_fb.jpg,16
00188_940128_hr.jpg,21
00188_940128_pr.jpg,21
00188_940307_hr.jpg,22
00190_940128_pl.jpg,23
00190_940128_pr.jpg,7
00191_940128_fb.jpg,0
00191_940128_pr.jpg,7
00192_940128_fa.jpg,13
00192_940128_fb.jpg,13
00192_940128_hl.jpg,23
00192_940128_hr.jpg,13
00192_940128_pr.jpg,10
00193_940128_pl.jpg,15
00193_940928_fa.jpg,16
00193_940928_fb.jpg,16
00193_940928_hl.jpg,9
00193_940928_pr.jpg,5
00194_940128_hl.jpg,3
00194_940128_hr.jpg,21
00194_940128_pr.jpg,21
00195_940128_fa.jpg,0
00195_940128_fb.jpg,0
00196_940128_fb.jpg,0
00196_940128_pl.jpg,15
00196_940128_pr.jpg,10
00197_940128_fa.jpg,0
00197_940128_hr.jpg,20
00197_940128_pl.jpg,15
00197_940128_pr.jpg,10
00198_940128_fa.jpg,0
00198_940128_hr.jpg,1
00198_940128_pr.jpg,10
00200_940128_hr.jpg,21
00200_940128_pl.jpg,2
00200_940128_pr.jpg,21
00201_940128_fa.jpg,0
00201_940128_fb.jpg,0
00201_940128_hl.jpg,23
00201_940128_hr.jpg,7
00201_940128_pl.jpg,15
00201_940128_pr.jpg,10
00202_940128_fb.jpg,13
00202_940128_hr.jpg,7
00202_940128_pl.jpg,15
00202_940128_pr.jpg,7
00203_940128_pr.jpg,5
00204_940128_hl_a.jpg,2
00204_940128_hr_a.jpg,7
00204_940128_pr_a.jpg,10
00205_940128_hl.jpg,23
00205_940128_hr.jpg,21
00207_940128_hl.jpg,16
00207_940128_pr.jpg,10
00208_940128_fa.jpg,13
00208_940128_hl.jpg,23
00208_940128_hr.jpg,7
00208_940128_pl.jpg,15
00209_940128_fb.jpg,0
00210_940128_hr.jpg,21
00210_940128_pl.jpg,15
00210_940422_fa.jpg,0
00210_940422_fb.jpg,0
00210_940422_hr.jpg,20
00210_940422_pl.jpg,15
00210_940422_pr.jpg,10
00211_940128_fb.jpg,0
00211_940128_hl.jpg,2
00211_940128_pl.jpg,15
00211_940128_pr.jpg,10
00212_940128_fb_a.jpg,13
00212_940128_hl_a.jpg,23
00212_940128_hr_a.jpg,7
00212_940128_pl_a.jpg,15
00213_940128_pl.jpg,4
00214_940128_fa.jpg,13
00214_940128_hl.jpg,13
00214_940128_hr.jpg,7
00214_940128_pl.jpg,15
00214_940128_pr.jpg,18
00215_940128_hr_a.jpg,5
00215_940128_pl_a.jpg,23
00216_940128_fa.jpg,19
00216_940128_fb.jpg,16
00216_940128_pr.jpg,21
00217_940128_fb_a.jpg,16
00217_940128_hl_a.jpg,16
00217_940128_pl_a.jpg,23
00217_940128_pr_a.jpg,21
00218_940128_fa.jpg,0
00218_940128_hl.jpg,2
00218_940128_hr.jpg,0
00218_940128_pl.jpg,23
00218_940128_pr.jpg,7
00219_940128_hr_a.jpg,7
00219_940128_pl_a.jpg,15
00220_940128_fa.jpg,13
00220_940128_fb.jpg,21
00220_940128_hl.jpg,13
00220_940128_hr.jpg,21
00220_940128_pr.jpg,21
00221_940128_fa.jpg,0
00221_940128_fb.jpg,0
00221_940128_hr.jpg,0
00221_940128_pl.jpg,4
00222_940128_fb.jpg,13
00222_940128_hl.jpg,19
00222_940128_hr.jpg,21
00222_940128_pl.jpg,3
00222_940128_pr.jpg,10
00223_940128_hl.jpg,15
00224_940128_fb.jpg,13
00224_940128_pl.jpg,15
00224_940128_pr.jpg,10
00225_940128_fa_a.jpg,0
00225_940128_fb_a.jpg,0
00225_940128_hl_a.jpg,23
00225_940128_hr_a.jpg,7
00227_940128_fb.jpg,0
00227_940128_pr.jpg,10
00228_940128_fb_a.jpg,13
00228_940128_pl_a.jpg,15
00229_940128_fb.jpg,13
00229_940128_hl.jpg,2
00229_940128_pl.jpg,2
00230_940128_fb.jpg,13
00230_940128_hl.jpg,19
00230_940128_hr.jpg,13
00230_940128_pl.jpg,19
00230_940128_pr.jpg,21
00231_940128_fa.jpg,0
00231_940128_fb.jpg,0
00231_940128_hl.jpg,0
00231_940128_pl.jpg,15
00231_940128_pr.jpg,10
00233_940128_pl_a.jpg,19
00233_940128_pr_a.jpg,21
00234_940128_hl.jpg,19
00234_940128_hr.jpg,21
00234_940128_pl.jpg,15
00235_940128_fa.jpg,23
00235_940128_fb.jpg,23
00235_940128_hl.jpg,2
00235_940128_hr.jpg,7
00235_940128_pl.jpg,15
00235_940128_pr.jpg,10
00237_940128_fa.jpg,5
00237_940128_hl.jpg,16
00237_940128_pl.jpg,15
00237_940128_pr.jpg,21
00238_940128_fa.jpg,13
00238_940128_fb.jpg,13
00238_940128_hr.jpg,21
00238_940128_pl.jpg,15
00238_940128_pr.jpg,10
00239_940128_fa.jpg,2
00239_940128_hl.jpg,2
00239_940128_hr.jpg,10
00241_940128_hl_a.jpg,15
00241_940128_pl_a.jpg,15
00242_940128_fa.jpg,0
00242_940128_hl.jpg,23
00242_940128_pr.jpg,10
00243_940128_fa.jpg,0
00243_940128_hl.jpg,23
00243_940128_hr.jpg,7
00243_940128_pl.jpg,15
00243_940128_pr.jpg,10
00244_940128_fa.jpg,13
00244_940128_fb.jpg,13
00245_940128_fb.jpg,0
00246_940128_fa.jpg,13
00246_940128_fb.jpg,13
00247_940128_fa.jpg,16
00247_940128_pl.jpg,9
00247_940128_pr.jpg,21
00247_941121_fb.jpg,19
00247_941121_hl.jpg,19
00248_940128_hl.jpg,19
00249_940128_fa_a.jpg,13
00249_940128_fb_a.jpg,13
00249_940128_hl_a.jpg,23
00249_940128_hr_a.jpg,13
00249_940128_pl_a.jpg,4
00250_940128_fa.jpg,13
00250_940128_hr.jpg,13
00250_940128_pr.jpg,10
00251_940128_hl.jpg,16
00251_940128_pr.jpg,21
00252_940128_fa_a.jpg,13
00252_940128_hr_a.jpg,20
00253_940128_hl.jpg,13
00253_940128_hr.jpg,13
00254_941121_fa.jpg,0
00254_941121_fb.jpg,0
00254_941121_hl.jpg,2
00254_941121_pl.jpg,2
00254_941121_ql.jpg,2
00254_941121_re.jpg,20
00255_940128_hl.jpg,2
00255_940128_hr.jpg,7
00255_940128_pl.jpg,23
00255_940128_pr.jpg,10
00256_940128_hl.jpg,23
00256_940128_pr.jpg,10
00256_940928_fa.jpg,19
00257_940128_fa.jpg,13
00257_940128_hl.jpg,13
00257_940128_pl.jpg,15
00259_940128_hl.jpg,2
00259_940128_pl.jpg,15
00259_940128_pr.jpg,21
00260_940128_pr.jpg,10
00261_940128_fb.jpg,21
00261_940128_hl.jpg,16
00261_940128_pl.jpg,15
00262_940128_pr.jpg,10
00263_940128_fa.jpg,21
00263_940128_hr.jpg,21
00263_940128_pl.jpg,3
00263_940128_pr.jpg,10
00264_940128_fb.jpg,0
00264_940128_hl.jpg,23
00264_940128_hr.jpg,21
00264_940128_pl.jpg,15
00265_940128_hl.jpg,23
00266_940128_fa.jpg,6
00266_940128_fb.jpg,6
00266_940128_hl.jpg,23
00266_940128_pl.jpg,23
00268_940422_fb.jpg,13
00268_960530_pr.jpg,18
00268_960530_ra.jpg,4
00268_960627_pl.jpg,3
00269_940422_hl_a.jpg,23
00269_940422_pr_a.jpg,5
00270_940422_fa.jpg,0
00270_940422_pl.jpg,15
00271_940422_fa.jpg,0
00271_940422_hr.jpg,0
00271_940422_pl.jpg,15
00271_940422_pr.jpg,10
00272_940422_pr.jpg,7
00273_940422_fa.jpg,13
00273_940422_fb.jpg,13
00273_940422_hr.jpg,5
00275_940422_fa.jpg,16
00275_940422_fb.jpg,16
00275_940422_pr.jpg,10
00276_940422_fa_a.jpg,16
00276_940422_hr.jpg,21
00276_940422_pr.jpg,22
00278_940422_fa.jpg,0
00278_940422_fb.jpg,20
00278_940422_hl.jpg,2
00278_940422_hr.jpg,10
00278_940422_pr.jpg,10
00279_940422_fb.jpg,19
00279_940422_hr.jpg,10
00279_940422_pl.jpg,15
00280_940422_fa.jpg,13
00280_940422_hl.jpg,23
00280_940422_pr.jpg,10
00281_940422_fa.jpg,13
00281_940422_fb.jpg,13
00281_940422_hl.jpg,23
00281_940422_hr.jpg,10
00281_940422_pr.jpg,10
00282_940422_hr.jpg,21
00283_940422_fa.jpg,13
00283_940422_fb.jpg,13
00283_940422_hr_a.jpg,13
00283_940422_pl.jpg,23
00283_940422_pr.jpg,21
00284_940422_pr.jpg,21
00285_940422_fa.jpg,16
00285_940422_fb.jpg,5
00285_940422_hl.jpg,12
00285_940422_hr.jpg,18
00285_940422_pr.jpg,7
00286_940422_fa.jpg,19
00287_940422_fb_a.jpg,13
00287_940422_fb.jpg,13
00287_940422_hl_a.jpg,23
00287_940422_pl_a.jpg,15
00287_940422_pl.jpg,15
00288_940422_fa.jpg,0
00288_940422_hr.jpg,21
00288_940422_pl.jpg,15
00288_940422_pr.jpg,10
00289_940422_fb.jpg,16
00290_940422_fa.jpg,2
00290_940422_hr.jpg,7
00290_940422_pl.jpg,23
00290_940422_pr.jpg,10
00291_940422_fa.jpg,13
00291_940422_fb.jpg,13
00291_940422_hr.jpg,7
00292_940422_fa_a.jpg,2
00292_940422_fa.jpg,21
00292_940422_fb_a.jpg,21
00292_940422_hl_a.jpg,2
00292_940422_hl.jpg,2
00292_940422_pl.jpg,2
00293_940422_fa.jpg,13
00293_940422_hr.jpg,10
00293_940422_pl.jpg,15
00294_940422_fb.jpg,0
00294_940422_pl.jpg,23
00295_940422_fa_a.jpg,16
00295_940422_fa.jpg,16
00295_940422_fb_a.jpg,16
00295_940422_hl.jpg,19
00295_940422_hr_a.jpg,1
00295_940422_hr.jpg,22
00297_940422_fa.jpg,19
00297_940422_fb.jpg,19
00297_940422_hl.jpg,16
00298_940422_fb.jpg,16
00299_940422_fa.jpg,16
00299_940422_pl.jpg,4
00300_940422_hl.jpg,23
00300_940422_pl.jpg,23
00300_940422_pr.jpg,7
00301_940422_fa.jpg,5
00301_940422_pl.jpg,4
00303_940422_fa.jpg,13
00303_940422_fb.jpg,13
00303_940422_hl.jpg,15
00304_940422_fa.jpg,13
00304_940422_pl.jpg,15
00305_940422_hl.jpg,16
00306_940422_fb.jpg,23
00306_940422_pl.jpg,15
00306_940422_pr.jpg,10
00307_940422_fa.jpg,13
00307_940422_fb.jpg,13
00307_940422_hl.jpg,23
00307_940422_pl.jpg,4
00307_940422_pr.jpg,10
00308_940422_fa.jpg,0
00308_940422_pl.jpg,15
00308_940422_pr.jpg,10
00309_940422_fb.jpg,13
00309_940422_pl.jpg,23
00309_940422_pr.jpg,7
00310_940422_fa.jpg,13
00310_940422_hr.jpg,7
00310_940422_pr.jpg,10
00311_940422_fa.jpg,13
00311_940422_hl.jpg,23
00311_940422_hr.jpg,7
00312_940422_pl.jpg,15
00313_940422_fa.jpg,13
00313_940422_fb.jpg,13
00313_940422_hl.jpg,23
00313_940422_hr.jpg,7
00313_940422_pl.jpg,15
00313_940422_pr.jpg,10
00314_940422_fa.jpg,0
00314_940422_hl.jpg,23
00314_940422_pl.jpg,15
00314_940422_pr.jpg,10
00315_940422_fb.jpg,13
00315_940422_pl.jpg,23
00316_940422_fa.jpg,5
00316_940422_hr.jpg,5
00316_940422_pl.jpg,4
00317_940422_fa.jpg,13
00317_940422_pr.jpg,10
00318_940422_fa.jpg,13
00318_940422_fb.jpg,16
00318_940422_hl.jpg,13
00318_940422_pr.jpg,21
00319_940422_pr.jpg,10
00321_940422_fa.jpg,5
00321_940422_fb.jpg,16
00321_940422_pl.jpg,4
00321_940422_pr.jpg,18
00322_940422_hr.jpg,10
00322_940422_pl.jpg,15
00323_940422_fb.jpg,16
00323_940422_hl.jpg,16
00323_940422_hr.jpg,1
00323_940422_pl.jpg,3
00324_940422_hl.jpg,23
00324_940422_pr.jpg,10
00325_940422_fa_a.jpg,13
00325_940422_fb.jpg,13
00325_940422_hl_a.jpg,23
00325_940422_hl.jpg,23
00325_940422_hr_a.jpg,7
00325_940422_hr.jpg,7
00325_940422_pl_a.jpg,23
00326_940422_pl_a.jpg,23
00327_940422_fb.jpg,13
00327_940422_hl.jpg,23
00327_940422_pr.jpg,7
00328_940422_fb.jpg,13
00328_940422_hl.jpg,23
00328_940422_pr.jpg,10
00329_940422_fa.jpg,5
00329_940422_fb.jpg,5
00329_940422_hr.jpg,7
00329_940422_pr.jpg,7
00330_940422_fb.jpg,13
00330_940422_hr.jpg,13
00331_940422_pr.jpg,10
00332_940422_fa.jpg,13
00332_940422_hl.jpg,23
00332_940422_pl.jpg,15
00333_940422_fb.jpg,13
00333_940422_hl.jpg,23
00333_940422_hr.jpg,5
00333_940422_pr.jpg,10
00335_940422_fb_a.jpg,13
00335_940422_pr_a.jpg,10
00336_940422_fa.jpg,5
00336_940422_pr.jpg,7
00337_940422_fa.jpg,7
00337_940422_fb.jpg,0
00337_940422_hl.jpg,23
00337_940422_hr.jpg,7
00337_940422_pl.jpg,23
00338_940422_fa.jpg,13
00338_940422_hr_a.jpg,21
00338_940422_hr.jpg,7
00338_940422_pl.jpg,15
00338_940422_pr.jpg,10
00339_940422_hr.jpg,7
00340_940422_hl.jpg,4
00340_940422_pl.jpg,4
00340_940422_pr_a.jpg,7
00340_940422_pr.jpg,5
00341_940422_fa.jpg,13
00341_940422_fb.jpg,13
00341_940422_hl.jpg,23
00341_940422_hr.jpg,13
00341_940422_pl.jpg,23
00341_940422_pr.jpg,7
00342_940422_fa.jpg,5
00342_940422_hl.jpg,23
00342_940422_pl.jpg,4
00342_940422_pr.jpg,18
00343_940422_fa_a.jpg,13
00343_940422_fa.jpg,5
00343_940422_hl_a.jpg,15
00343_940422_hl.jpg,23
00343_940422_hr_a.jpg,21
00343_940422_pl_a.jpg,15
00344_940422_fa.jpg,0
00344_940422_hl.jpg,23
00344_940422_hr.jpg,7
00345_940422_hl.jpg,4
00345_940422_hr.jpg,7
00346_940422_pr.jpg,10
00347_940422_fa.jpg,5
00348_940422_fa.jpg,5
00348_940422_hl.jpg,23
00348_940422_hr.jpg,21
00348_940422_pr.jpg,10
00349_940422_fa.jpg,19
00349_940422_hl.jpg,15
00349_940422_hr.jpg,10
00349_940422_pl.jpg,15
00350_940422_fa.jpg,13
00350_940422_fb.jpg,13
00350_940422_pr.jpg,7
00351_940422_fa.jpg,5
00351_940422_fb.jpg,13
00351_940422_hl.jpg,23
00352_940422_fa.jpg,0
00352_940422_hr.jpg,7
00352_940422_pr.jpg,7
00353_940422_fa.jpg,0
00353_940422_fb.jpg,23
00353_940422_hl.jpg,23
00353_940422_hr.jpg,7
00354_940422_fa.jpg,0
00355_940422_hl.jpg,23
00356_940422_hr.jpg,7
00356_940422_pl.jpg,15
00356_940422_pr.jpg,7
00357_940422_fa.jpg,13
00357_940422_pl.jpg,15
00357_940422_pr.jpg,10
00358_940422_fb.jpg,5
00358_940422_hl.jpg,4
00358_940422_hr.jpg,21
00358_940422_pr.jpg,18
00359_940422_fb.jpg,13
00359_940422_hl.jpg,23
00359_940422_pl.jpg,4
00360_940422_fa.jpg,5
00361_940422_fa.jpg,5
00361_940422_pl.jpg,15
00362_940422_fa.jpg,5
00362_940422_pr.jpg,10
00364_940422_fa.jpg,5
00364_940422_hr.jpg,7
00364_940422_pr.jpg,7
00365_940422_fa.jpg,7
00365_940422_fb.jpg,2
00365_940422_hl.jpg,13
00365_940422_hr.jpg,7
00366_940422_fa.jpg,21
00366_940422_fb.jpg,0
00366_940422_hl.jpg,15
00366_940422_pr.jpg,10
00367_940422_fa.jpg,13
00367_940422_pr.jpg,7
00368_940422_hl_a.jpg,13
00368_940422_hr_a.jpg,13
00368_940422_pl_a.jpg,23
00368_940422_pr_a.jpg,7
00369_940422_fa.jpg,16
00369_940422_fb.jpg,16
00369_940422_hl.jpg,16
00369_940422_pl.jpg,3
00371_940422_fa.jpg,13
00371_940422_fb_a.jpg,5
00371_940422_hl.jpg,23
00371_940422_hr_a.jpg,7
00371_940422_pl_a.jpg,15
00371_940422_pl.jpg,15
00371_940422_pr_a.jpg,10
00373_940422_fb.jpg,0
00373_940422_hr.jpg,7
00373_940422_pr.jpg,7
00374_940422_hl.jpg,13
00374_940422_pr.jpg,7
00375_940422_fa.jpg,13
00375_940422_fb.jpg,13
00375_940422_hl.jpg,23
00375_940422_hr.jpg,7
00376_940422_fb.jpg,7
00376_940422_hr.jpg,7
00377_940422_fb.jpg,7
00377_940422_hl.jpg,13
00377_940422_hr.jpg,7
00377_940422_pr.jpg,7
00378_940422_fb.jpg,7
00378_940422_hr.jpg,7
00378_940422_pl.jpg,16
00378_940422_pr.jpg,7
00379_940422_hl.jpg,2
00379_940422_hr.jpg,7
00379_940422_pl.jpg,15
00379_940422_pr.jpg,10
00380_940422_fa.jpg,0
00380_940422_fb.jpg,0
00380_940422_pl.jpg,15
00380_940422_pr.jpg,10
00381_940422_fa.jpg,0
00383_941031_fb.jpg,5
00383_941031_re.jpg,7
00384_940422_fa.jpg,5
00384_940422_fb.jpg,5
00384_940422_hr.jpg,10
00384_940422_pl.jpg,15
00384_940422_pr.jpg,10
00385_940422_fa.jpg,7
00385_940422_fb.jpg,7
00385_940422_hr.jpg,7
00385_940422_pr.jpg,10
00386_940422_fa.jpg,13
00386_940422_fb.jpg,13
00386_940422_hl.jpg,15
00386_940422_pr.jpg,10
00387_940422_fb.jpg,13
00387_940422_hl.jpg,23
00387_940422_hr.jpg,7
00387_940422_pl.jpg,15
00388_940422_hl.jpg,3
00388_940422_hr.jpg,7
00388_940422_pl.jpg,15
00390_940422_fa.jpg,0
00390_940422_pl.jpg,15
00390_940422_pr.jpg,10
00391_940422_fb.jpg,0
00392_940422_fb.jpg,7
00392_940422_hl_a.jpg,23
00392_940422_hr_a.jpg,7
00392_940422_pl.jpg,15
00392_940422_pr_a.jpg,10
00393_940422_fa.jpg,16
00393_940422_pl_a.jpg,3
00393_940422_pr.jpg,1
00394_940422_fb.jpg,7
00394_940422_hl.jpg,23
00394_940422_hr.jpg,7
00394_940422_pl.jpg,4
00394_940422_pr.jpg,10
00395_940422_fb.jpg,23
00395_940422_hr.jpg,7
00396_940422_hl.jpg,23
00399_940422_fa.jpg,13
00399_940422_fb.jpg,9
00399_940422_hl.jpg,4
00399_940422_hr.jpg,13
00399_940422_pl.jpg,15
00400_940422_fb.jpg,0
00400_940422_pl.jpg,15
00400_940422_pr.jpg,10
00401_940422_pr.jpg,10
00402_940422_fa.jpg,13
00402_940422_hl.jpg,9
00402_940422_pl.jpg,15
00403_940422_hl.jpg,23
00403_940422_hr.jpg,7
00403_940422_pr.jpg,10
00404_940422_fb.jpg,13
00404_940422_hl.jpg,23
00404_940422_hr.jpg,7
00405_940422_pr.jpg,10
00406_940422_pl.jpg,15
00407_940422_hl.jpg,23
00407_940422_pl.jpg,15
00407_940422_pr.jpg,10
00408_940422_fa.jpg,0
00408_940422_hr.jpg,7
00408_940422_pl.jpg,15
00408_940422_pr.jpg,10
00409_940422_fa.jpg,13
00409_940422_fb.jpg,13
00409_940422_pl.jpg,15
00409_940422_pr.jpg,10
00410_940422_pl.jpg,15
00410_940422_pr.jpg,10
00411_940422_fb.jpg,0
00411_940422_hl.jpg,23
00412_940422_fb.jpg,13
00412_940422_hl.jpg,2
00412_940422_hr.jpg,20
00412_940422_pl.jpg,15
00413_940422_fa.jpg,13
00413_940422_fb.jpg,13
00413_940422_hr.jpg,21
00413_940422_pl.jpg,15
00413_940422_pr.jpg,10
00414_940422_hl.jpg,23
00414_940422_hr.jpg,7
00414_940422_pl_a.jpg,15
00414_940422_pr_a.jpg,10
00415_940422_fa.jpg,5
00415_940422_hl.jpg,16
00415_940422_hr_a.jpg,7
00415_940422_hr.jpg,5
00415_940422_pl.jpg,15
00415_940422_pr.jpg,10
00416_940422_fb.jpg,5
00416_940422_hl.jpg,4
00416_940422_hr.jpg,21
00416_940422_pl.jpg,3
00417_940422_hr.jpg,7
00417_940422_pl.jpg,15
00418_940422_fa.jpg,7
00418_940422_fb.jpg,0
00418_940422_pl.jpg,15
00418_940422_pr.jpg,10
00419_940422_fb.jpg,13
00419_940422_hl.jpg,2
00419_940422_hr.jpg,21
00419_940422_pl.jpg,15
00420_940422_fb.jpg,0
00420_940422_hl.jpg,9
00421_940422_fa.jpg,0
00421_940422_fb.jpg,0
00421_940422_hl.jpg,23
00421_940422_hr.jpg,0
00421_940422_pl.jpg,15
00421_940422_pr.jpg,10
00422_940422_fb.jpg,5
00422_940422_pl.jpg,15
00422_940422_pr.jpg,10
00423_940422_fa.jpg,5
00423_940422_fb.jpg,5
00423_940422_hl.jpg,23
00423_940422_hr.jpg,7
00423_940422_pl.jpg,4
00424_940422_fb.jpg,13
00425_940422_hr.jpg,5
00425_940422_pl.jpg,15
00426_940422_fb.jpg,13
00426_940422_hl.jpg,23
00426_940422_pl.jpg,15
00427_940422_fa.jpg,13
00427_940422_fb.jpg,13
00427_940422_pl.jpg,15
00428_940422_pr.jpg,10
00429_940422_hl.jpg,16
00429_940422_pl_a.jpg,15
00430_940422_hl.jpg,23
00430_940422_hr.jpg,7
00431_940422_fa.jpg,0
00431_940422_hl.jpg,2
00432_940422_fa.jpg,21
00432_940422_pr.jpg,10
00433_940422_fb.jpg,13
00433_940422_pl.jpg,15
00434_940422_fa.jpg,0
00434_940422_hl.jpg,2
00435_940422_pl.jpg,15
00436_940422_fa.jpg,7
00436_940422_hr.jpg,10
00437_940422_fb.jpg,13
00438_940422_fa.jpg,7
00438_940422_fb.jpg,5
00438_940422_hl.jpg,13
00438_940422_pr.jpg,7
00439_940422_fa.jpg,5
00439_940422_hr.jpg,7
00439_940422_pl.jpg,23
00440_940422_fa.jpg,13
00440_940422_hr.jpg,7
00441_940422_fa.jpg,5
00441_940422_fb.jpg,5
00441_940422_hr.jpg,7
00441_940422_pl.jpg,13
00441_940422_pr.jpg,7
00442_940422_hl.jpg,23
00443_940422_fa.jpg,0
00444_940422_fa.jpg,0
00444_940422_hr.jpg,7
00444_940422_pl.jpg,15
00444_940422_pr.jpg,10
00445_940422_fa.jpg,0
00445_940422_fb.jpg,0
00445_940422_hr.jpg,20
00446_940422_fa.jpg,13
00446_940422_pl.jpg,15
00447_940422_fb.jpg,23
00447_940422_pl.jpg,15
00447_940422_pr.jpg,10
00448_940422_fb.jpg,7
00448_940422_hl.jpg,2
00449_940422_fa.jpg,0
00449_940422_hl.jpg,23
00449_940422_pr.jpg,10
00450_940422_hl.jpg,13
00450_940422_hr.jpg,10
00450_940422_pl.jpg,15
00451_940422_fa.jpg,0
00451_940422_hl.jpg,23
00451_940422_hr.jpg,7
00451_940422_pr.jpg,10
00452_940422_fa.jpg,5
00452_940422_fb.jpg,5
00452_940422_hl.jpg,23
00452_940422_hr.jpg,7
00453_940422_fa_a.jpg,5
00453_940422_hr.jpg,7
00454_940422_fb.jpg,0
00454_940422_pl.jpg,15
00455_940422_hl.jpg,16
00455_940422_pl.jpg,15
00456_940422_fb.jpg,0
00456_940422_hl.jpg,0
00456_940422_hr.jpg,7
00456_940422_pl.jpg,15
00457_940422_fa.jpg,7
00457_940422_fb.jpg,0
00457_940422_hl.jpg,23
00457_940422_pl.jpg,15
00457_940422_pr.jpg,10
00458_940422_fa.jpg,7
00458_940422_pl.jpg,15
00460_940422_fb.jpg,13
00460_940422_pr.jpg,21
00461_940422_fa_a.jpg,13
00461_940422_fa.jpg,7
00461_940422_fb_a.jpg,7
00461_940422_hl_a.jpg,2
00461_940422_hr_a.jpg,7
00462_940422_fb.jpg,13
00462_940422_hl_a.jpg,13
00462_940422_hr.jpg,13
00462_940422_pl.jpg,23
00462_940422_pr_a.jpg,7
00465_940519_pl_a.jpg,9
00465_940519_ql_a.jpg,2
00465_940519_qr_a.jpg,19
00465_960627_fb.jpg,14
00465_960627_pr.jpg,22
00465_960627_rd.jpg,22
00466_940519_hl.jpg,3
00466_940519_pr.jpg,21
00466_940519_qr.jpg,19
00467_940519_fb.jpg,5
00467_940519_pr.jpg,5
00467_940519_qr.jpg,5
00468_940519_hl.jpg,9
00468_940519_qr.jpg,1
00468_960530_pr.jpg,12
00469_940519_pl.jpg,15
00470_940519_fb.jpg,19
00470_940519_pl.jpg,2
00470_941201_ql.jpg,2
00471_940519_hl.jpg,9
00471_940519_hr.jpg,20
00471_940519_ql.jpg,9
00472_940519_fb_a.jpg,13
00472_940519_fb.jpg,13
00472_940519_hl_a.jpg,2
00472_940519_hl.jpg,9
00472_960627_pl.jpg,3
00472_960627_rb.jpg,12
00474_940519_hl.jpg,3
00474_960627_pr.jpg,22
00474_960627_ql.jpg,14
00474_960627_ra.jpg,14
00475_940519_hl.jpg,14
00475_940519_hr_a.jpg,22
00475_940519_qr.jpg,1
00476_940519_fb.jpg,19
00476_940519_hr_a.jpg,20
00476_940519_hr.jpg,20
00477_940519_ql_a.jpg,14
00478_940519_fb.jpg,0
00478_940519_hr.jpg,21
00478_940519_pr.jpg,20
00478_940519_ql.jpg,2
00479_940519_pr.jpg,7
00479_940519_qr.jpg,0
00480_940519_fa.jpg,0
00480_940519_hl.jpg,2
00480_940519_hr.jpg,20
00480_940519_pr.jpg,20
00481_940519_fb.jpg,0
00481_940519_hr_a.jpg,0
00481_940519_hr.jpg,21
00481_940519_pl.jpg,2
00482_940519_hl.jpg,0
00482_940519_pr.jpg,7
00482_940519_ql.jpg,0
00482_940519_qr.jpg,0
00483_940519_hl.jpg,14
00483_940519_hr.jpg,20
00483_940519_pl.jpg,2
00483_940519_ql.jpg,2
00484_940519_hl.jpg,2
00484_940519_pl.jpg,2
00484_940519_pr.jpg,2
00485_940519_fa_a.jpg,0
00485_940519_hl_a.jpg,2
00486_940519_fa.jpg,19
00486_940519_fb_a.jpg,21
00486_940519_ql.jpg,9
00486_940519_qr.jpg,21
00487_940519_fb.jpg,0
00487_940519_hl.jpg,2
00487_940519_hr.jpg,21
00487_940519_pr.jpg,10
00487_940519_ql.jpg,2
00488_940519_pl.jpg,9
00489_940519_fa.jpg,0
00489_940519_pr.jpg,10
00490_940519_hl.jpg,19
00490_940519_ql.jpg,19
00492_940519_hl.jpg,3
00492_940519_hr_a.jpg,1
00492_940519_pl_a.jpg,3
00492_940519_pr_a.jpg,1
00493_940519_fb.jpg,9
00493_940519_ql.jpg,9
00493_940519_qr.jpg,21
00494_940519_fb.jpg,19
00494_940519_ql.jpg,19
00495_940519_hl.jpg,3
00495_940519_hr_a.jpg,20
00495_940519_ql.jpg,2
00496_940519_fb.jpg,19
00496_940519_ql.jpg,19
00496_940519_qr.jpg,20
00497_940519_fa.jpg,19
00498_940519_pr.jpg,1
00498_960627_hr.jpg,10
00498_960627_pr.jpg,18
00499_940519_fa.jpg,1
00499_940519_hr.jpg,1
00499_940519_pr.jpg,1
00500_960627_pl.jpg,3
00500_960627_rb.jpg,3
00501_940519_hl.jpg,14
00501_940519_qr.jpg,19
00501_960627_ql.jpg,12
00501_960627_re.jpg,1
00502_940519_fa.jpg,9
00502_940519_fb_a.jpg,9
00502_940519_fb.jpg,2
00502_940519_hl_a.jpg,9
00502_940519_hl.jpg,2
00502_940519_pl.jpg,2
00502_940519_pr_a.jpg,20
00503_940519_hl_a.jpg,3
00503_940519_hl.jpg,9
00503_940519_pl_a.jpg,3
00503_940519_pl.jpg,9
00503_940519_ql.jpg,9
00504_940519_fb.jpg,0
00504_940519_hl.jpg,2
00504_940519_pl.jpg,23
00504_940519_pr.jpg,0
00504_940519_ql.jpg,9
00505_940519_ql.jpg,2
00505_960627_hr.jpg,10
00505_960627_qr.jpg,20
00505_960627_ra.jpg,2
00506_940519_fb.jpg,0
00506_940519_pr_a.jpg,7
00507_940519_fa_a.jpg,0
00507_940519_fa.jpg,0
00507_940519_hl.jpg,3
00507_940519_hr_a.jpg,0
00507_940519_pl.jpg,15
00507_940519_pr.jpg,10
00507_940519_ql_a.jpg,2
00508_940519_fa.jpg,13
00508_940519_hr.jpg,21
00508_940519_ql.jpg,9
00508_960627_fb.jpg,1
00508_960627_pl.jpg,3
00508_960627_pr.jpg,22
00509_940519_fa.jpg,19
00509_940519_hl_a.jpg,9
00509_940519_pl_a.jpg,9
00509_940519_pr_a.jpg,1
00510_940519_hl.jpg,2
00510_940519_hr.jpg,21
00510_940519_pl.jpg,2
00510_940519_pr.jpg,21
00511_940519_fb.jpg,19
00511_940519_hr.jpg,1
00511_940519_pr.jpg,22
00511_940519_qr.jpg,1
00512_940519_pr.jpg,21
00513_940519_hl_a.jpg,9
00513_940519_hl.jpg,9
00513_940519_pr.jpg,21
00514_940519_fa.jpg,19
00514_940519_hr_a.jpg,1
00514_940519_pl_a.jpg,9
00515_940519_qr.jpg,21
00516_940519_pl.jpg,9
00516_940519_qr.jpg,1
00517_940519_fa_a.jpg,5
00517_940519_hl.jpg,13
00517_940519_pr_a.jpg,5
00519_940519_hr.jpg,1
00519_940519_ql_a.jpg,19
00520_940519_hl_a.jpg,9
00520_940519_hl.jpg,9
00520_940519_hr.jpg,20
00520_940519_pl.jpg,2
00520_940519_pr_a.jpg,20
00520_940519_ql_a.jpg,19
00520_940519_ql.jpg,9
00520_940519_qr.jpg,21
00521_940519_fb.jpg,19
00521_940519_hl_a.jpg,2
00521_940519_hr.jpg,21
00521_940519_pl_a.jpg,2
00521_940519_pl.jpg,2
00522_960627_rc.jpg,22
00523_940519_fb.jpg,16
00523_940519_pr_a.jpg,21
00524_940519_hl.jpg,23
00524_940519_pr.jpg,7
00525_940519_fb.jpg,0
00525_940519_pr.jpg,7
00525_940519_ql.jpg,0
00525_940519_qr.jpg,0
00526_940519_fb.jpg,16
00526_940519_hr.jpg,22
00526_940519_qr.jpg,1
00527_940519_fa.jpg,1
00527_940519_hl.jpg,2
00527_940519_hr.jpg,21
00528_940519_fb.jpg,9
00528_940519_hr.jpg,21
00528_940519_pr.jpg,21
00530_940519_hr.jpg,21
00530_940519_pl.jpg,2
00530_940519_ql.jpg,2
00530_940519_qr.jpg,21
00531_940519_fa.jpg,12
00531_940519_hl_a.jpg,3
00531_940519_hl.jpg,3
00531_940519_hr.jpg,1
00531_940519_pl.jpg,1
00531_960627_pl.jpg,3
00531_960627_ra.jpg,3
00532_940519_fb.jpg,19
00532_940519_pr.jpg,21
00533_960627_fa.jpg,14
00533_960627_hl.jpg,3
00533_960627_rd.jpg,22
00534_940519_fa.jpg,21
00534_940519_fb.jpg,21
00534_940519_pl_a.jpg,2
00534_940519_pl.jpg,9
00534_940519_pr_a.jpg,21
00535_940519_fa_a.jpg,1
00535_940519_fa.jpg,16
00535_940519_hl.jpg,9
00535_940519_pr_a.jpg,21
00535_940519_ql_a.jpg,9
00535_940519_qr.jpg,1
00536_940519_fa.jpg,19
00536_940519_hl.jpg,2
00536_940519_pl.jpg,2
00536_940519_pr.jpg,20
00536_940519_ql.jpg,19
00537_940519_hl_a.jpg,23
00538_940519_fa.jpg,19
00538_940519_hl_a.jpg,2
00538_940519_hr_a.jpg,21
00538_940519_pr.jpg,21
00538_940519_ql_a.jpg,19
00539_940519_fa.jpg,19
00539_940519_fb.jpg,19
00539_940519_hl.jpg,19
00539_940519_hr.jpg,19
00539_940519_pr.jpg,21
00539_940519_ql.jpg,2
00540_940519_hl.jpg,4
00541_940519_hl.jpg,9
00541_940519_pr.jpg,20
00543_940519_pl.jpg,2
00543_960627_pr.jpg,22
00544_940519_fa_a.jpg,1
00544_940519_hl_a.jpg,3
00544_940519_ql.jpg,9
00545_940519_fa_a.jpg,19
00545_940519_hl.jpg,19
00545_940519_hr_a.jpg,19
00545_940519_ql_a.jpg,19
00545_940519_qr.jpg,20
00546_940519_fb.jpg,1
00547_940519_fa_b.jpg,9
00547_940519_hl_a.jpg,9
00547_940519_hl_b.jpg,19
00547_940519_hr_c.jpg,9
00547_940519_ql_b.jpg,0
00547_940519_qr_a.jpg,1
00548_940519_fa_a.jpg,7
00548_940519_fa.jpg,0
00548_940519_fb.jpg,0
00549_940519_pl_a.jpg,23
00549_940519_ql.jpg,5
00549_940519_qr_a.jpg,13
00549_940519_qr.jpg,5
00550_940519_hr.jpg,1
00550_940519_pl.jpg,19
00550_940519_pr.jpg,1
00550_940519_qr.jpg,1
00551_940519_hr.jpg,1
00551_940519_pl.jpg,1
00551_940519_pr.jpg,1
00551_940519_ql.jpg,19
00551_940519_qr.jpg,1
00552_940519_fb.jpg,13
00553_940519_fa_a.jpg,1
00553_940519_fb_a.jpg,1
00553_940519_hr_a.jpg,1
00553_940519_qr.jpg,1
00554_940519_fa.jpg,19
00554_940519_hl.jpg,16
00554_940519_hr.jpg,1
00554_940519_pl.jpg,16
00554_940519_pr.jpg,1
00555_940519_fb.jpg,21
00555_940519_pl.jpg,13
00555_940519_pr.jpg,7
00556_940519_fa_a.jpg,1
00556_940519_hl_b.jpg,2
00557_940519_fb.jpg,19
00557_940519_ql.jpg,9
00557_940519_qr.jpg,20
00558_940519_hr.jpg,18
00558_940519_pl.jpg,12
00558_940519_pr.jpg,12
00559_940519_pl.jpg,2
00559_940519_qr.jpg,20
00560_940519_hl.jpg,2
00560_940519_pl.jpg,15
00560_940519_qr.jpg,20
00561_940519_fa.jpg,19
00561_940519_fb_a.jpg,19
00561_940519_fb.jpg,19
00561_940519_hl.jpg,2
00561_940519_pl.jpg,2
00561_940519_pr.jpg,19
00561_940519_ql.jpg,19
00562_940928_hl.jpg,4
00562_940928_qr.jpg,5
00562_941031_rb.jpg,9
00563_940928_fa.jpg,12
00563_940928_fb.jpg,12
00563_940928_hl.jpg,4
00563_940928_ql.jpg,4
00563_940928_qr.jpg,5
00564_941031_hl.jpg,23
00564_941031_ra.jpg,23
00565_940928_pr.jpg,5
00565_940928_ql.jpg,12
00565_941121_hr.jpg,0
00566_940928_fb.jpg,16
00566_940928_pl.jpg,16
00566_940928_rd.jpg,16
00566_941121_pl.jpg,2
00566_941121_rd.jpg,19
00567_940928_fb.jpg,16
00567_940928_hl.jpg,4
00567_940928_hr.jpg,12
00567_940928_pr.jpg,21
00567_940928_ql.jpg,16
00567_940928_ra.jpg,4
00568_940928_fa.jpg,0
00568_940928_fb.jpg,0
00568_940928_pl.jpg,23
00568_941031_ql.jpg,5
00568_941031_rc.jpg,5
00568_941031_re.jpg,5
00569_940928_pr.jpg,21
00569_940928_ql.jpg,9
00569_940928_ra.jpg,23
00569_940928_rb.jpg,23
00570_940928_fa_a.jpg,19
00570_940928_pl.jpg,3
00570_940928_qr_a.jpg,21
00570_940928_rb.jpg,16
00570_940928_rc.jpg,16
00571_940928_fb.jpg,0
00571_940928_hr.jpg,0
00571_940928_pl.jpg,23
00571_940928_pr.jpg,7
00571_940928_ql.jpg,23
00571_940928_rc.jpg,0
00572_940928_ql.jpg,4
00572_940928_rb.jpg,12
00573_940928_fb.jpg,16
00573_940928_hl.jpg,4
00573_940928_pl.jpg,3
00573_940928_ql.jpg,16
00573_940928_rb.jpg,16
00573_940928_rc.jpg,16
00575_940928_fa.jpg,21
00575_940928_fb.jpg,19
00575_940928_pr.jpg,21
00575_940928_rc.jpg,19
00576_940928_fa.jpg,0
00576_940928_pl.jpg,23
00576_940928_qr.jpg,0
00578_940928_fb.jpg,21
00578_940928_pl.jpg,2
00578_940928_pr.jpg,21
00578_940928_qr.jpg,21
00578_940928_ra.jpg,19
00578_940928_rb.jpg,16
00579_940928_fa.jpg,0
00579_940928_pl.jpg,23
00579_940928_rd.jpg,7
00579_941031_fa.jpg,1
00579_941031_fb.jpg,1
00579_941031_re.jpg,1
00580_940928_fa.jpg,16
00580_940928_hl.jpg,4
00580_940928_rc.jpg,16
00581_940928_hl.jpg,23
00581_940928_pl.jpg,23
00582_940928_fa.jpg,7
00582_940928_hl.jpg,23
00582_940928_hr.jpg,7
00582_940928_qr.jpg,21
00582_940928_rd.jpg,21
00582_940928_re.jpg,21
00583_940928_hl.jpg,15
00583_940928_pl.jpg,15
00583_940928_ql.jpg,16
00583_940928_ra.jpg,16
00583_940928_rb.jpg,16
00584_940928_fb.jpg,16
00584_940928_ql.jpg,4
00584_941031_fb.jpg,5
00584_941031_ql.jpg,5
00584_941031_qr.jpg,5
00584_941031_ra.jpg,5
00585_940928_fb.jpg,19
00585_940928_hr.jpg,21
00585_940928_pl.jpg,14
00585_940928_qr.jpg,19
00586_940928_pr.jpg,21
00586_940928_re.jpg,13
00587_940928_fa.jpg,16
00587_940928_hl.jpg,23
00587_940928_hr.jpg,13
00587_940928_pl.jpg,16
00588_940307_pr.jpg,8
00588_940928_pl.jpg,4
00590_940928_fb.jpg,19
00590_940928_hl.jpg,2
00590_940928_pr.jpg,20
00590_940928_qr.jpg,19
00591_940928_hl.jpg,16
00591_940928_hr.jpg,16
00591_940928_pr.jpg,21
00591_940928_ql.jpg,16
00591_940928_qr.jpg,21
00591_940928_rb.jpg,16
00592_940928_fa.jpg,16
00592_940928_fb.jpg,16
00592_940928_pl.jpg,9
00592_940928_ql.jpg,9
00593_940928_qr.jpg,16
00593_940928_rb.jpg,16
00593_941031_hl.jpg,5
00594_940928_fb.jpg,16
00594_941121_qr.jpg,20
00595_940928_fa.jpg,16
00595_940928_pl.jpg,15
00595_940928_ql.jpg,4
00595_940928_qr.jpg,16
00595_940928_rc.jpg,16
00595_940928_re.jpg,21
00596_940928_hl.jpg,4
00596_940928_rd.jpg,21
00596_941121_ql.jpg,2
00596_941121_re.jpg,20
00597_940928_pr.jpg,21
00597_940928_rb.jpg,16
00597_941031_hl.jpg,1
00597_941031_pl.jpg,1
00599_940928_fa.jpg,9
00599_940928_fb.jpg,9
00599_940928_pr.jpg,0
00599_940928_ql.jpg,9
00599_940928_qr.jpg,0
00599_940928_ra.jpg,23
00600_940928_pr.jpg,21
00600_940928_ql.jpg,4
00601_940928_hl.jpg,4
00602_940928_fa.jpg,16
00602_940928_hr.jpg,21
00602_940928_pr.jpg,21
00603_940928_fb.jpg,16
00603_940928_pl.jpg,19
00603_940928_ql.jpg,4
00603_940928_rb.jpg,16
00605_940928_hr.jpg,7
00605_941031_fa.jpg,5
00605_941031_ql.jpg,5
00605_941031_qr.jpg,5
00605_941031_rb.jpg,5
00605_941031_rc.jpg,5
00606_940928_fa.jpg,0
00606_940928_pl.jpg,23
00606_940928_pr.jpg,7
00606_940928_qr.jpg,0
00606_940928_rd.jpg,0
00607_940928_fb.jpg,9
00607_940928_qr.jpg,0
00608_940928_fb.jpg,16
00609_940928_hr.jpg,7
00609_940928_qr.jpg,0
00609_940928_ra.jpg,23
00609_940928_rb.jpg,23
00610_940928_pl.jpg,4
00611_940928_pl.jpg,2
00611_940928_pr.jpg,21
00611_940928_ra.jpg,23
00612_940928_hl.jpg,15
00612_940928_pl.jpg,15
00612_940928_pr.jpg,10
00612_940928_ql.jpg,3
00612_940928_rd.jpg,19
00612_940928_re.jpg,21
00613_940928_hl.jpg,4
00614_941031_fb.jpg,5
00614_941031_ql.jpg,16
00614_941031_rc.jpg,16
00615_940928_fb.jpg,16
00616_940928_hl.jpg,4
00616_940928_qr.jpg,21
00616_941031_hl.jpg,16
00616_941031_hr.jpg,5
00616_941031_rb.jpg,5
00617_940928_fa.jpg,16
00617_940928_ql.jpg,16
00617_940928_rd.jpg,16
00618_940928_fa.jpg,16
00618_940928_rc.jpg,16
00618_941031_fb.jpg,5
00618_941031_pr.jpg,5
00618_941031_re.jpg,5
00619_940928_fb.jpg,13
00619_940928_pr.jpg,21
00619_940928_qr.jpg,21
00619_940928_rd.jpg,7
00620_940928_pl.jpg,16
00620_940928_ra.jpg,16
00620_940928_rc.jpg,5
00621_940928_fb.jpg,16
00621_940928_hl.jpg,4
00621_940928_hr.jpg,21
00621_941121_fa.jpg,13
00621_941121_pl.jpg,16
00621_941121_qr.jpg,21
00622_940928_qr.jpg,1
00622_940928_rd.jpg,12
00622_941121_hr.jpg,22
00622_941121_pl.jpg,3
00623_940928_fa.jpg,16
00623_940928_fb.jpg,16
00623_940928_hl.jpg,4
00623_940928_pr.jpg,21
00623_940928_rb.jpg,16
00623_940928_rc.jpg,16
00624_940928_fa.jpg,16
00624_940928_hl.jpg,16
00624_940928_pl.jpg,16
00624_940928_pr.jpg,21
00625_940928_hl.jpg,9
00625_940928_ql.jpg,16
00625_940928_rb.jpg,16
00626_940928_ql.jpg,3
00626_940928_re.jpg,22
00626_941031_pr.jpg,13
00627_940928_ql.jpg,3
00627_940928_ra.jpg,19
00627_941031_pl.jpg,19
00627_941031_ql.jpg,19
00627_941031_rc.jpg,19
00628_940928_fb.jpg,4
00628_940928_hl.jpg,4
00628_940928_hr.jpg,12
00628_940928_pr.jpg,12
00628_940928_ql.jpg,4
00628_940928_rc.jpg,12
00629_940928_fb.jpg,16
00629_940928_pl.jpg,9
00629_940928_qr.jpg,16
00629_940928_rc.jpg,16
00630_940928_ql.jpg,9
00630_941121_fb.jpg,0
00631_940928_fa.jpg,16
00631_940928_fb.jpg,12
00631_940928_rb.jpg,12
00632_940928_fa.jpg,9
00632_940928_pl.jpg,9
00632_940928_pr.jpg,0
00633_940928_pl.jpg,2
00633_940928_pr.jpg,20
00634_940928_hr.jpg,21
00634_940928_pl.jpg,9
00634_940928_pr.jpg,10
00634_940928_qr.jpg,0
00635_941031_fa.jpg,5
00635_941031_hl.jpg,5
00635_941031_rd.jpg,5
00636_941031_fb.jpg,12
00636_941031_hl.jpg,12
00636_941031_ql.jpg,12
00636_941031_rb.jpg,12
00636_941031_rc.jpg,12
00637_941031_fa.jpg,5
00637_941031_rb.jpg,5
00638_941031_fa.jpg,5
00638_941121_fa.jpg,0
00638_941121_ql.jpg,2
00639_941031_fa.jpg,5
00639_941031_fb.jpg,5
00639_941031_hl.jpg,5
00639_941031_pl.jpg,5
00639_941031_pr.jpg,5
00639_941031_qr.jpg,5
00639_941031_rc.jpg,5
00640_941031_fa.jpg,1
00640_941031_hl.jpg,1
00640_941031_pl.jpg,1
00640_941031_ql.jpg,1
00640_941031_qr.jpg,1
00640_941031_rd.jpg,1
00641_941031_re.jpg,1
00642_941121_pl.jpg,2
00642_941121_pr.jpg,20
00642_941121_ql.jpg,2
00642_941121_ra.jpg,2
00642_941121_rc.jpg,19
00643_941031_hr.jpg,16
00643_941031_pl.jpg,16
00643_941031_pr.jpg,19
00643_941031_qr.jpg,5
00643_941031_rc.jpg,13
00644_941031_fb.jpg,5
00644_941031_pl.jpg,5
00645_941031_hr.jpg,1
00645_941031_ql.jpg,19
00646_941031_fb.jpg,19
00646_941031_hl.jpg,19
00646_941031_hr.jpg,1
00646_941031_pl.jpg,19
00646_941031_ql.jpg,19
00646_941031_re.jpg,3
00647_941031_hr.jpg,7
00647_941031_ra.jpg,0
00648_941031_hl.jpg,9
00648_941031_pr.jpg,7
00648_941031_rc.jpg,0
00648_941121_pr.jpg,20
00648_941121_rd.jpg,20
00650_941031_hr.jpg,5
00652_941031_pr.jpg,7
00652_941031_rc.jpg,5
00653_941031_hl.jpg,13
00653_941031_rb.jpg,13
00654_941031_hl.jpg,4
00654_941031_hr.jpg,5
00654_941031_ql.jpg,17
00654_941031_qr.jpg,5
00654_941031_rc.jpg,5
00654_941031_re.jpg,7
00655_941031_fb.jpg,13
00655_941031_hl.jpg,23
00655_941031_pl.jpg,23
00655_941031_ql.jpg,13
00655_941031_rd.jpg,7
00656_941121_fa.jpg,1
00656_941121_ra.jpg,3
00657_941121_fa.jpg,1
00657_941121_fb.jpg,14
00657_941121_hr.jpg,14
00657_941121_rd.jpg,22
00658_941121_fb.jpg,3
00658_941121_hl.jpg,14
00659_941121_pl.jpg,14
00659_941121_ql.jpg,14
00660_941121_qr.jpg,20
00660_960530_re.jpg,18
00661_941121_rd.jpg,8
00661_941121_re.jpg,8
00662_941121_fa.jpg,0
00662_941121_hr.jpg,0
00662_941121_pl.jpg,2
00662_941121_re.jpg,0
00663_941121_fb.jpg,0
00663_941121_hl.jpg,9
00663_941121_pl.jpg,9
00663_941121_pr.jpg,10
00663_941121_ql.jpg,9
00663_941121_rc.jpg,0
00664_941121_qr.jpg,19
00664_941121_rc.jpg,21
00665_941121_hl.jpg,2
00665_941121_hr.jpg,20
00666_941121_pl.jpg,19
00667_941121_hr.jpg,1
00667_941121_pl.jpg,14
00667_941121_qr.jpg,1
00667_941121_ra.jpg,19
00668_941121_fa.jpg,19
00668_941121_hl.jpg,2
00668_941121_ra.jpg,19
00669_940307_hl.jpg,8
00669_940307_pr_a.jpg,8
00669_941121_rb.jpg,9
00670_941121_fb.jpg,0
00670_941121_ql.jpg,2
00671_941121_fa.jpg,20
00671_941121_fb.jpg,2
00671_941121_hl.jpg,2
00671_941121_pl.jpg,2
00671_941121_pr.jpg,20
00671_941121_qr.jpg,20
00671_941121_re.jpg,20
00672_941121_hl.jpg,3
00672_941121_pr.jpg,3
00672_941121_qr.jpg,1
00672_941121_rc.jpg,18
00672_941121_rd.jpg,22
00673_941121_pr.jpg,22
00673_941121_ql.jpg,3
00673_941121_qr.jpg,22
00673_941121_rc.jpg,1
00674_941121_pl.jpg,2
00674_941121_pr.jpg,20
00674_941121_ql.jpg,2
00674_941121_ra.jpg,2
00674_941121_rc.jpg,20
00675_941121_fb.jpg,9
00675_941121_hr.jpg,7
00675_941121_pr.jpg,20
00675_941121_qr.jpg,0
00675_941121_rd.jpg,0
00676_941121_hl.jpg,15
00676_941121_hr.jpg,1
00676_941121_pl.jpg,15
00676_941121_qr.jpg,1
00677_941121_fa.jpg,19
00677_941121_fb.jpg,19
00677_941121_pl.jpg,2
00677_941121_pr.jpg,20
00677_941121_ra.jpg,2
00678_941121_hr.jpg,20
00678_941121_pl.jpg,2
00678_941121_ql.jpg,2
00678_941121_qr.jpg,20
00678_941121_rc.jpg,20
00678_941121_re.jpg,20
00679_941121_rb.jpg,19
00680_941121_fb.jpg,19
00680_941121_hl.jpg,2
00680_941121_pr.jpg,20
00680_941121_rc.jpg,20
00680_941121_rd.jpg,20
00680_941121_re.jpg,20
00681_941121_fb.jpg,0
00681_941121_hr.jpg,7
00681_941121_pl.jpg,9
00681_941121_pr.jpg,7
00681_941121_ra.jpg,9
00682_941121_hl.jpg,2
00682_941121_pl.jpg,2
00682_941121_pr.jpg,20
00682_941121_ra.jpg,2
00683_941121_fb.jpg,19
00683_941121_pr.jpg,22
00683_941121_rd.jpg,22
00684_941121_fa.jpg,19
00684_941121_hl.jpg,2
00684_941121_hr.jpg,20
00684_941121_pr.jpg,20
00684_941121_ql.jpg,2
00684_941121_qr.jpg,20
00684_941121_ra.jpg,2
00684_941121_rb.jpg,19
00685_941121_fb.jpg,20
00685_941121_hl.jpg,2
00685_941121_hr.jpg,20
00685_941121_pl.jpg,2
00685_941121_ql.jpg,2
00686_941121_pr.jpg,20
00686_941121_ql.jpg,2
00686_941121_rc.jpg,20
00687_941121_hr.jpg,7
00687_941121_pr.jpg,7
00687_941121_ql.jpg,21
00687_941121_qr.jpg,7
00687_941121_ra.jpg,21
00687_941121_rb.jpg,21
00688_941121_hr.jpg,20
00688_941121_rd.jpg,20
00689_941121_qr.jpg,0
00690_941121_fa.jpg,1
00690_941121_hr.jpg,22
00690_941121_rc.jpg,1
00690_941121_rd.jpg,1
00690_941121_re.jpg,22
00691_941121_pl.jpg,19
00692_941121_ql.jpg,16
00693_941121_pl.jpg,3
00693_941121_pr.jpg,1
00693_941121_ql.jpg,3
00693_941121_rb.jpg,3
00694_941121_qr.jpg,20
00695_941121_fa.jpg,19
00695_941121_fb.jpg,20
00695_941121_hl.jpg,19
00695_941121_hr.jpg,19
00695_941121_ql.jpg,19
00695_941121_ra.jpg,19
00695_941121_rb.jpg,19
00697_941121_pl.jpg,2
00697_941121_qr.jpg,20
00697_941121_rb.jpg,2
00698_941121_fa.jpg,20
00698_941121_pr.jpg,20
00700_941121_fa.jpg,0
00700_941121_pl.jpg,2
00700_941121_ql.jpg,2
00700_941121_rc.jpg,0
00701_941201_re.jpg,20
00703_941201_re.jpg,20
00703_941205_fa.jpg,20
00703_941205_pl.jpg,2
00703_941205_rc.jpg,20
00703_941205_rd.jpg,20
00704_941201_hl.jpg,14
00705_941201_rc.jpg,20
00705_941205_pr.jpg,20
00705_960530_pl.jpg,12
00705_960530_ql.jpg,12
00705_960530_ra.jpg,12
00705_960620_fa.jpg,12
00705_960620_pl.jpg,12
00706_941201_ql.jpg,14
00706_941205_qr.jpg,5
00706_960620_rb.jpg,12
00707_941201_hl.jpg,14
00707_941201_pl.jpg,14
00707_941201_ql.jpg,14
00707_941205_hl.jpg,14
00707_941205_pl.jpg,14
00708_941201_hr.jpg,22
00708_941205_fb.jpg,5
00708_941205_ra.jpg,9
00708_941205_rb.jpg,5
00709_941201_pr.jpg,20
00709_960530_fb.jpg,5
00709_960530_hr.jpg,18
00709_960530_pl.jpg,4
00710_941201_fa.jpg,20
00710_941201_hl.jpg,14
00710_941201_hr.jpg,20
00710_941201_pl.jpg,14
00710_960530_hr.jpg,18
00710_960530_qr.jpg,5
00710_960620_hl.jpg,12
00710_960620_pr.jpg,18
00711_941201_hr.jpg,20
00711_941205_pr.jpg,21
00711_941205_rb.jpg,16
00711_960530_fa.jpg,5
00711_960530_hr.jpg,18
00711_960530_pr.jpg,18
00711_960620_hl.jpg,12
00711_960620_qr.jpg,18
00711_960620_re.jpg,18
00712_941201_hr.jpg,20
00712_941201_pr.jpg,20
00712_941201_qr.jpg,20
00712_941201_rb.jpg,14
00712_941205_fb.jpg,1
00712_941205_hl.jpg,3
00712_941205_pl.jpg,3
00712_941205_qr.jpg,19
00712_941205_rc.jpg,22
00713_941201_hr.jpg,20
00713_941201_pl.jpg,2
00713_941205_pr.jpg,20
00713_941205_qr.jpg,20
00714_941201_ra.jpg,9
00714_960530_hr.jpg,18
00714_960620_pr.jpg,12
00714_960620_qr.jpg,12
00715_941205_fb.jpg,1
00715_941205_hl.jpg,3
00716_941201_fb.jpg,16
00716_941201_hl.jpg,3
00716_941201_ql.jpg,3
00716_941201_qr.jpg,1
00716_941201_rc.jpg,1
00716_941205_pr.jpg,1
00716_941205_ql.jpg,5
00716_941205_rd.jpg,1
00717_941205_rc.jpg,9
00718_941201_fa.jpg,20
00718_941201_hr.jpg,20
00718_941201_pr.jpg,20
00718_941201_ra.jpg,2
00718_941205_fb.jpg,19
00718_941205_rb.jpg,19
00719_941201_fb.jpg,8
00719_941201_hl.jpg,14
00719_941201_rc.jpg,8
00719_960620_hl.jpg,4
00719_960620_hr.jpg,18
00719_960620_pl.jpg,4
00719_960620_ql.jpg,12
00719_960620_qr.jpg,5
00719_960620_re.jpg,18
00720_941205_qr.jpg,1
00721_941201_rd.jpg,20
00721_941205_hr.jpg,20
00721_941205_pl.jpg,2
00722_941201_fa.jpg,21
00722_960627_fa.jpg,20
00722_960627_ql.jpg,14
00723_941201_fa.jpg,20
00723_941201_fb.jpg,19
00723_941201_hl.jpg,2
00723_941201_pl.jpg,2
00723_941201_pr.jpg,20
00723_941201_ql.jpg,2
00723_941201_rc.jpg,20
00724_941201_fa.jpg,16
00724_941201_fb.jpg,9
00724_941201_re.jpg,20
00724_960530_pr.jpg,18
00724_960530_ql.jpg,12
00725_941201_pr.jpg,20
00725_941201_rc.jpg,20
00725_941205_hl.jpg,2
00725_941205_pr.jpg,20
00725_941205_ql.jpg,2
00726_941201_fa.jpg,19
00726_941201_ql.jpg,19
00727_941201_ra.jpg,2
00727_941205_fb.jpg,5
00727_941205_hl.jpg,9
00727_941205_pr.jpg,5
00728_941201_fa.jpg,8
00728_941201_hl.jpg,14
00728_941201_qr.jpg,8
00728_941205_hl.jpg,2
00728_941205_pl.jpg,2
00728_941205_ra.jpg,2
00729_941201_fa.jpg,19
00729_941201_pl.jpg,2
00729_941201_ra.jpg,2
00729_941201_rb.jpg,19
00729_941205_hr.jpg,20
00729_941205_pl.jpg,2
00729_941205_qr.jpg,20
00729_941205_rb.jpg,19
00730_941201_ra.jpg,8
00730_960530_hr.jpg,18
00730_960530_pl.jpg,4
00730_960530_ql.jpg,23
00730_960530_rd.jpg,5
00730_960530_re.jpg,18
00730_960620_hr.jpg,18
00730_960620_ra.jpg,4
00731_941201_fa.jpg,20
00731_941201_hl.jpg,2
00731_941201_qr.jpg,20
00731_941201_rc.jpg,20
00732_941201_rb.jpg,19
00732_941205_fa.jpg,19
00732_941205_pr.jpg,20
00732_941205_ra.jpg,14
00732_960530_fb.jpg,12
00732_960530_ql_a.jpg,12
00732_960620_qr.jpg,18
00732_960627_rb.jpg,3
00733_941201_hl.jpg,2
00733_941201_hr.jpg,22
00734_941201_hr.jpg,20
00734_941201_pr.jpg,20
00734_941201_ql.jpg,19
00734_941201_qr.jpg,21
00735_941201_fa.jpg,1
00735_941201_qr.jpg,1
00736_941201_ra.jpg,9
00737_941201_fb.jpg,19
00737_941201_rd.jpg,20
00737_960530_hr.jpg,18
00737_960620_rb.jpg,12
00738_941201_fb.jpg,19
00738_941201_hr.jpg,22
00738_941201_pl.jpg,14
00738_941201_pr.jpg,22
00738_941201_qr.jpg,19
00738_941201_rb.jpg,19
00739_941201_fb.jpg,20
00739_941201_hl.jpg,2
00739_941201_ql.jpg,2
00739_941205_fa.jpg,13
00740_941201_fb.jpg,1
00740_941205_hr.jpg,1
00740_941205_pl.jpg,3
00740_941205_pr.jpg,1
00741_941201_fa.jpg,1
00741_941201_pr.jpg,22
00741_941201_rd.jpg,20
00742_941201_fa.jpg,0
00742_941201_hr.jpg,7
00742_941201_re.jpg,7
00743_941201_hl.jpg,14
00743_941201_ra.jpg,14
00743_960530_fb.jpg,1
00743_960530_hr.jpg,18
00743_960530_pr.jpg,18
00744_941201_ql.jpg,1
00744_941201_qr.jpg,22
00745_941201_fb.jpg,20
00745_941205_fa.jpg,1
00745_941205_fb.jpg,1
00746_941201_qr.jpg,13
00746_941201_ra.jpg,23
00746_941205_hl.jpg,23
00746_941205_rd.jpg,21
00747_941201_rc.jpg,1
00747_941205_hr.jpg,1
00749_941201_hl.jpg,2
00749_941201_pr.jpg,20
00749_941201_ra.jpg,19
00750_941201_fb.jpg,1
00750_941201_ql.jpg,1
00750_941201_qr.jpg,1
00750_941205_ql.jpg,9
00750_960530_hr.jpg,18
00750_960530_rd.jpg,18
00751_941201_fa.jpg,1
00751_941205_pr.jpg,21
00751_941205_rc.jpg,1
00751_960530_ql.jpg,16
00751_960530_qr.jpg,1
00752_941205_rd.jpg,20
00752_960620_fa.jpg,12
00753_941201_hr.jpg,20
00753_941201_ql.jpg,19
00753_941201_re.jpg,20
00754_941201_fa.jpg,5
00754_941201_fb.jpg,5
00754_941201_hl.jpg,9
00754_941201_hr.jpg,20
00754_941201_ql.jpg,13
00754_941201_qr.jpg,20
00754_941201_ra.jpg,9
00755_941201_fa.jpg,19
00755_941201_rd.jpg,22
00755_941201_re.jpg,22
00757_941201_pl.jpg,3
00757_941201_ql.jpg,1
00758_941201_fb.jpg,13
00758_941201_pr.jpg,20
00758_960530_pr.jpg,18
00758_960530_rd.jpg,18
00760_941201_pl.jpg,9
00760_960530_rd.jpg,18
00761_960530_hl.jpg,12
00761_960530_pr.jpg,18
00761_960620_fa.jpg,12
00761_960620_pl.jpg,3
00761_960620_ql.jpg,12
00761_960620_rb.jpg,12
00761_960620_rc.jpg,12
00761_960627_hl.jpg,3
00762_941205_hr.jpg,20
00763_941201_fa.jpg,1
00763_941205_hl.jpg,3
00763_960530_fa.jpg,5
00763_960530_re.jpg,18
00764_941201_fb.jpg,13
00764_941201_hl.jpg,9
00764_941201_ql.jpg,13
00764_941201_rc.jpg,13
00764_941201_re.jpg,20
00764_941205_hl.jpg,9
00764_941205_hr.jpg,20
00764_941205_ql.jpg,9
00764_941205_qr.jpg,20
00765_941201_fa.jpg,5
00765_941201_hl.jpg,9
00765_941201_ql.jpg,9
00765_941201_ra.jpg,9
00766_941201_hl.jpg,2
00766_960530_pr.jpg,18
00766_960530_ql.jpg,12
00767_960530_ra.jpg,4
00768_941201_hl.jpg,9
00768_941201_pl.jpg,9
00768_941201_rc.jpg,1
00768_941205_fa.jpg,1
00768_941205_ql.jpg,1
00768_960530_hr.jpg,18
00768_960530_qr.jpg,12
00769_941201_pl.jpg,15
00769_941201_ra.jpg,14
00769_941205_pl.jpg,2
00770_941201_qr.jpg,20
00770_960530_hr.jpg,18
00770_960530_ql_a.jpg,12
00770_960530_qr.jpg,18
00771_960530_hr.jpg,1
00772_941201_fb.jpg,19
00772_941201_hr.jpg,20
00772_960620_fb.jpg,12
00772_960620_pl.jpg,12
00773_941201_pl.jpg,14
00773_941201_qr.jpg,20
00773_960530_qr.jpg,16
00774_941201_pl.jpg,2
00774_941201_re.jpg,20
00774_941205_hr.jpg,20
00774_960620_hl.jpg,12
00774_960620_rc.jpg,5
00775_941205_ra.jpg,9
00775_960530_rd.jpg,12
00776_941205_fa.jpg,19
00776_941205_fb.jpg,19
00776_941205_ql.jpg,19
00776_941205_re.jpg,22
00777_941205_hl.jpg,9
00777_941205_pl.jpg,9
00777_941205_qr.jpg,20
00777_941205_rc.jpg,20
00778_941205_hr.jpg,7
00778_941205_pl.jpg,9
00778_941205_qr.jpg,5
00778_941205_re.jpg,7
00779_941205_hl.jpg,2
00779_960530_pl.jpg,4
00779_960530_pr.jpg,18
00779_960530_ql.jpg,12
00779_960530_re.jpg,18
00780_941205_fb.jpg,9
00780_941205_hr.jpg,20
00780_941205_pl.jpg,2
00780_941205_rd.jpg,20
00780_960530_ra.jpg,5
00781_941205_fb.jpg,2
00781_941205_hr.jpg,20
00781_941205_rb.jpg,2
00782_941205_qr.jpg,20
00782_941205_rd.jpg,20
00783_941205_pr.jpg,22
00783_941205_qr.jpg,1
00783_941205_rb.jpg,1
00783_941205_rc.jpg,1
00784_941205_ra.jpg,9
00785_941205_fb.jpg,19
00785_941205_ql.jpg,19
00785_941205_rd.jpg,20
00785_941205_re.jpg,20
00786_941205_ql.jpg,9
00786_941205_qr.jpg,1
00786_941205_rb.jpg,1
00787_960620_rb.jpg,12
00788_941205_hl.jpg,9
00788_941205_ql.jpg,19
00788_941205_qr.jpg,20
00788_941205_ra.jpg,2
00788_941205_rb.jpg,20
00790_941205_fb.jpg,20
00790_941205_rc.jpg,20
00790_941205_re.jpg,20
00791_941205_fa.jpg,0
00791_941205_hr.jpg,20
00791_941205_pr.jpg,21
00791_941205_rb.jpg,2
00791_941205_rc.jpg,0
00792_941205_fa.jpg,1
00792_941205_hl.jpg,3
00792_941205_hr.jpg,1
00792_941205_pl.jpg,3
00792_941205_ra.jpg,3
00793_941205_hl.jpg,3
00793_941205_hr.jpg,1
00793_941205_rc.jpg,1
00794_960530_pr.jpg,18
00794_960530_rc.jpg,5
00794_960620_pr.jpg,18
00794_960620_ql.jpg,12
00795_941205_hr.jpg,21
00795_941205_pl.jpg,9
00796_941205_fa.jpg,1
00796_941205_ql.jpg,1
00796_941205_ra.jpg,1
00797_941205_fa.jpg,1
00797_941205_rd.jpg,1
00797_941205_re.jpg,1
00797_960620_fb.jpg,5
00797_960620_pr.jpg,18
00797_960620_ql.jpg,12
00798_941205_fa.jpg,19
00799_941205_fa.jpg,5
00799_941205_fb.jpg,5
00799_941205_hl.jpg,9
00799_941205_hr.jpg,5
00799_941205_pl.jpg,9
00799_941205_qr.jpg,5
00799_941205_ra.jpg,9
00799_941205_rb.jpg,5
00799_941205_rc.jpg,5
00800_941205_fa.jpg,13
00801_941205_pl.jpg,3
00801_941205_qr.jpg,1
00801_941205_rd.jpg,1
00801_941205_re.jpg,1
00802_941205_pl.jpg,3
00803_941205_fb.jpg,19
00803_941205_hr.jpg,20
00803_941205_pl.jpg,2
00803_941205_ql.jpg,19
00803_941205_rc.jpg,19
00803_941205_re.jpg,20
00804_941205_ra.jpg,9
00804_960530_pl.jpg,4
00804_960530_rb.jpg,12
00805_941205_fa.jpg,1
00805_941205_fb.jpg,19
00805_941205_ql.jpg,19
00805_941205_re.jpg,21
00806_941205_fb.jpg,1
00806_960620_pr.jpg,18
00807_941205_ra.jpg,9
00807_960530_hl.jpg,4
00807_960530_qr.jpg,5
00807_960530_rb.jpg,4
00809_960530_hr.jpg,18
00809_960530_re.jpg,18
00810_960620_qr.jpg,18
00810_960620_ra.jpg,12
00811_941205_ra.jpg,9
00811_941205_rc.jpg,20
00811_960530_qr.jpg,12
00811_960530_rc.jpg,18
00812_941205_qr.jpg,5
00812_960530_fb.jpg,12
00812_960530_hr.jpg,18
00812_960530_pl.jpg,12
00812_960530_ra.jpg,12
00813_941205_hr.jpg,20
00813_941205_pl.jpg,9
00813_941205_pr.jpg,20
00813_941205_ra.jpg,9
00813_941205_rb.jpg,9
00814_941205_hr.jpg,5
00814_941205_pr.jpg,5
00814_941205_qr.jpg,5
00814_941205_rb.jpg,5
00815_941205_hr.jpg,20
00815_941205_pr.jpg,20
00815_941205_ra.jpg,9
00816_941205_rc.jpg,20
00816_941205_re.jpg,20
00816_960530_fa.jpg,12
00816_960530_pr.jpg,18
00816_960620_fb.jpg,12
00816_960620_pr.jpg,18
00817_941205_fa.jpg,19
00817_941205_hr.jpg,20
00817_941205_qr.jpg,19
00817_941205_rb.jpg,20
00818_940307_fa.jpg,8
00818_940307_fb.jpg,8
00818_940307_hr.jpg,8
00818_940307_pr.jpg,8
00819_940307_fa.jpg,8
00819_940307_hl.jpg,8
00819_940307_hr.jpg,8
00819_940307_pl.jpg,8
00821_940307_fa.jpg,8
00822_940307_fb.jpg,8
00822_940307_hl.jpg,8
00822_940307_hr.jpg,8
00822_940307_pl.jpg,8
00823_940307_fa.jpg,8
00823_940307_fb_a.jpg,8
00823_940307_fb.jpg,8
00823_940307_pr_a.jpg,8
00824_940307_fa.jpg,8
00824_940307_fb.jpg,8
00824_940307_hl.jpg,8
00824_940307_hr.jpg,8
00824_940307_pl.jpg,8
00824_940307_pr.jpg,8
00826_940307_fa.jpg,8
00826_940307_fb.jpg,8
00826_940307_hr.jpg,8
00826_940307_pl.jpg,8
00827_940307_fb.jpg,8
00827_940307_pl.jpg,8
00828_940307_hl.jpg,8
00828_940307_pr.jpg,8
00829_940307_fa_a.jpg,8
00829_940307_hl_a.jpg,8
00829_940307_hr.jpg,8
00829_940307_pl.jpg,8
00831_940307_fa.jpg,8
00831_940307_fb.jpg,8
00831_940307_hr.jpg,8
00831_940307_pr.jpg,8
00833_940307_fb_a.jpg,8
00833_940307_fb.jpg,8
00833_940307_hr.jpg,8
00833_940307_pl.jpg,8
00833_940307_pr_a.jpg,8
00834_940307_fa_a.jpg,8
00834_940307_fb_a.jpg,8
00834_940307_hr_a.jpg,8
00834_940307_pl.jpg,8
00835_940307_fb.jpg,8
00835_940307_hl.jpg,8
00836_940307_fa.jpg,8
00836_940307_fb.jpg,8
00836_940307_hl.jpg,8
00837_940307_hr.jpg,8
00837_940307_pl.jpg,8
00837_940307_pr.jpg,8
00838_940307_fb.jpg,8
00838_940307_hr.jpg,8
00838_940307_pl.jpg,8
00839_940307_fb.jpg,8
00839_940307_hl.jpg,8
00839_940307_hr.jpg,8
00839_940307_pr.jpg,8
00841_940307_fa.jpg,8
00841_940307_fb.jpg,8
00841_940307_hl.jpg,8
00841_940307_hr.jpg,8
00841_940307_pr.jpg,22
00842_940307_fa.jpg,8
00842_940307_hl.jpg,8
00842_940307_hr.jpg,8
00842_940307_pl.jpg,8
00842_940307_pr.jpg,8
00843_940307_fa_a.jpg,14
00843_940307_fb_a.jpg,14
00843_940307_hr_a.jpg,8
00843_940307_pl_a.jpg,8
00843_940307_pr_a.jpg,8
00844_940307_fa.jpg,8
00845_940307_hr.jpg,8
00845_940307_pl.jpg,8
00846_940307_fa_a.jpg,8
00846_940307_pr_a.jpg,8
00847_940307_fa.jpg,8
00847_940307_hr.jpg,8
00847_940307_pl.jpg,8
00847_940307_pr.jpg,8
00848_940307_fa.jpg,8
00848_940307_fb.jpg,8
00848_940307_pl.jpg,8
00849_940307_fb_a.jpg,8
00849_940307_pl_a.jpg,8
00850_940307_hl.jpg,8
00850_940307_pl.jpg,8
00851_940307_fb.jpg,8
00851_940307_hr.jpg,8
00852_940307_hr.jpg,8
00852_940307_pl.jpg,8
00852_940307_pr.jpg,8
00853_940307_hl.jpg,8
00853_940307_hr.jpg,8
00853_940307_pl.jpg,8
00854_940307_fa.jpg,8
00854_940307_fb.jpg,8
00854_940307_pl.jpg,8
00855_940307_fa.jpg,8
00855_940307_hl.jpg,8
00855_940307_hr.jpg,8
00856_940307_fa.jpg,8
00856_940307_fb.jpg,8
00856_940307_hr.jpg,8
00856_940307_pr.jpg,8
00857_940307_fb.jpg,8
00857_940307_pl.jpg,8
00858_940307_fa.jpg,8
00858_940307_fb.jpg,8
00858_940307_hr.jpg,8
00858_940307_pl.jpg,8
00859_940307_fa.jpg,8
00859_940307_fb.jpg,8
00860_940307_fa.jpg,8
00860_940307_pl.jpg,8
00860_940307_pr.jpg,8
00861_940307_pl.jpg,8
00861_940307_pr.jpg,8
00862_940307_fa.jpg,8
00862_940307_fb.jpg,8
00862_940307_hl.jpg,8
00863_940307_fa.jpg,8
00863_940307_pl.jpg,8
00864_940307_pl.jpg,8
00865_940307_fa_a.jpg,8
00865_940307_pl_a.jpg,8
00866_940307_fb.jpg,8
00866_940307_hr.jpg,8
00866_940307_pl_a.jpg,8
00866_940307_pl.jpg,8
00867_940307_fb_a.jpg,8
00868_940307_fa.jpg,8
00868_940307_fb.jpg,8
00868_940307_hr.jpg,8
00868_940307_pl.jpg,8
00869_940307_fb.jpg,8
00869_940307_hl.jpg,8
00871_940307_pl.jpg,8
00872_940307_fa.jpg,8
00873_940307_fa.jpg,8
00873_940307_fb.jpg,8
00873_940307_hr.jpg,8
00873_940307_pr.jpg,8
00874_940307_fb.jpg,8
00874_940307_pl.jpg,8
00875_940307_fa.jpg,8
00875_940307_fb.jpg,8
00875_940307_pr.jpg,8
00876_960530_fa.jpg,12
00876_960530_fb.jpg,5
00876_960530_hl.jpg,12
00876_960620_hr.jpg,5
00876_960620_pr.jpg,18
00876_960620_re.jpg,18
00877_960530_ql.jpg,12
00878_960530_fa.jpg,12
00879_960530_hl.jpg,4
00879_960530_hr.jpg,18
00879_960530_re.jpg,18
00880_960530_fa.jpg,12
00880_960530_hr.jpg,18
00880_960530_pl.jpg,4
00880_960530_rd.jpg,1
00882_960530_fb.jpg,12
00882_960530_hr.jpg,18
00882_960530_pl.jpg,4
00882_960530_ql.jpg,12
00882_960530_rc.jpg,12
00883_960530_hl.jpg,4
00883_960530_hr.jpg,18
00883_960530_pr.jpg,18
00883_960530_qr.jpg,5
00883_960530_rd.jpg,18
00884_960530_pl.jpg,4
00884_960530_pr.jpg,18
00884_960530_qr.jpg,5
00884_960530_ra.jpg,23
00885_960530_pl.jpg,4
00885_960530_pr.jpg,18
00885_960530_ql.jpg,12
00885_960530_qr.jpg,12
00886_960530_fa.jpg,12
00886_960530_pr.jpg,18
00886_960530_ql.jpg,4
00886_960530_rc.jpg,18
00887_960530_hr.jpg,18
00887_960530_pl.jpg,4
00887_960530_pr.jpg,18
00887_960530_qr.jpg,12
00887_960530_rd.jpg,18
00887_960530_re.jpg,18
00888_960530_fb.jpg,18
00888_960530_pl.jpg,4
00888_960530_ql.jpg,12
00888_960530_qr.jpg,18
00888_960530_ra.jpg,12
00888_960530_rb.jpg,12
00889_960530_pr.jpg,10
00889_960530_rd.jpg,7
00889_960530_re.jpg,10
00890_960530_fa.jpg,5
00890_960530_ql.jpg,16
00890_960530_rc.jpg,5
00891_960530_ra.jpg,12
00893_960530_fa.jpg,1
00893_960530_hl.jpg,4
00893_960530_pl.jpg,4
00893_960530_qr.jpg,1
00894_960530_hr.jpg,18
00894_960530_pr.jpg,21
00894_960620_pl.jpg,12
00895_960530_pl.jpg,4
00895_960530_pr.jpg,18
00895_960530_ql.jpg,12
00895_960530_re.jpg,18
00896_960530_pl.jpg,12
00896_960530_pr.jpg,18
00896_960530_rd.jpg,18
00897_960530_hl.jpg,12
00897_960530_hr.jpg,18
00897_960530_re.jpg,18
00898_960530_fa.jpg,12
00898_960530_fb.jpg,4
00898_960530_hl.jpg,4
00898_960530_pr.jpg,18
00898_960530_ql.jpg,12
00898_960530_rb.jpg,12
00899_960530_pl.jpg,4
00900_960530_ql.jpg,4
00900_960530_qr.jpg,12
00900_960530_rb.jpg,12
00900_960530_rc.jpg,12
00900_960620_hl.jpg,12
00900_960620_pr.jpg,12
00900_960620_re.jpg,18
00901_960530_hl.jpg,4
00901_960530_hr.jpg,18
00901_960530_qr.jpg,18
00902_960530_fa.jpg,12
00902_960530_fb.jpg,18
00902_960530_hl.jpg,12
00902_960530_hr.jpg,18
00902_960530_ql.jpg,4
00902_960530_rb.jpg,12
00903_960530_qr.jpg,18
00903_960620_re.jpg,18
00904_960530_fa.jpg,12
00904_960530_hr.jpg,18
00904_960530_pl.jpg,3
00904_960530_ra.jpg,12
00905_960530_fb.jpg,5
00905_960530_hr.jpg,5
00905_960530_pl.jpg,4
00905_960530_pr.jpg,18
00905_960530_rb.jpg,5
00906_960530_qr.jpg,18
00906_960530_rc.jpg,12
00908_960530_hr.jpg,18
00908_960530_pl.jpg,4
00908_960530_pr.jpg,18
00908_960530_ra.jpg,12
00908_960530_rb.jpg,12
00908_960530_rc.jpg,18
00909_960530_fb.jpg,12
00909_960530_pr.jpg,18
00909_960530_qr.jpg,12
00909_960530_ra.jpg,12
00909_960530_rb.jpg,4
00910_960530_fa.jpg,12
00910_960530_rc.jpg,18
00911_960530_fa.jpg,12
00911_960530_hl.jpg,12
00911_960530_hr.jpg,18
00911_960530_pl.jpg,4
00911_960530_pr.jpg,18
00911_960530_ql.jpg,12
00911_960530_ra.jpg,12
00911_960530_rb.jpg,12
00912_960530_ql.jpg,12
00912_960530_re.jpg,18
00913_960530_fa.jpg,1
00913_960530_qr.jpg,18
00914_960620_fa.jpg,12
00914_960620_fb.jpg,12
00914_960620_hr.jpg,18
00914_960620_ql.jpg,12
00916_960620_ql.jpg,12
00916_960620_rb.jpg,12
00917_960620_ra.jpg,12
00918_960620_fa.jpg,1
00918_960620_fb.jpg,12
00918_960620_hl.jpg,3
00918_960620_pr.jpg,18
00918_960620_rb.jpg,16
00919_960620_fb.jpg,12
00919_960620_hl.jpg,12
00919_960620_ra.jpg,12
00920_960627_rc.jpg,0
00921_960627_hl.jpg,3
00921_960627_ra.jpg,3
00921_960627_rc.jpg,1
00922_960627_hr.jpg,1
00922_960627_ql.jpg,1
00922_960627_rc.jpg,1
00922_960627_rd.jpg,1
00922_960627_re.jpg,18
00923_960627_pl.jpg,3
00923_960627_re.jpg,22
00924_960627_fb.jpg,5
00924_960627_hr.jpg,18
00925_960627_fa.jpg,3
00925_960627_fb.jpg,3
00925_960627_pr.jpg,22
00925_960627_ql.jpg,3
00925_960627_qr.jpg,22
00926_960627_hl.jpg,3
00926_960627_pr.jpg,18
00926_960627_ql.jpg,12
00926_960627_rc.jpg,12
00926_960627_rd.jpg,18
00927_960627_fa.jpg,1
00927_960627_fb.jpg,1
00927_960627_pr.jpg,18
00927_960627_ql.jpg,3
00928_960627_fa.jpg,1
00928_960627_fb.jpg,1
00928_960627_ql.jpg,3
00928_960627_ra.jpg,3
00929_960627_fa.jpg,1
00929_960627_qr.jpg,1
00930_960627_fa.jpg,1
00930_960627_hr.jpg,18
00930_960627_pr.jpg,18
00930_960627_re.jpg,18
00931_960627_fa.jpg,12
00931_960627_hl.jpg,12
00931_960627_ra.jpg,12
00932_960627_pl.jpg,3
00932_960627_rb.jpg,9
00933_960627_fa.jpg,1
00934_960627_fa.jpg,1
00935_960627_fb.jpg,5
00935_960627_hl.jpg,4
00935_960627_pl.jpg,4
00935_960627_ql.jpg,4
00935_960627_qr.jpg,5
00935_960627_rd.jpg,18
00936_960627_fb.jpg,12
00936_960627_hl.jpg,9
00936_960627_pl.jpg,9
00936_960627_ql.jpg,9
00936_960627_ra.jpg,4
00937_960627_hr.jpg,22
00937_960627_pr.jpg,10
00937_960627_ql.jpg,9
00937_960627_qr.jpg,0
00938_960627_fa.jpg,1
00938_960627_pl.jpg,3
00938_960627_pr.jpg,22
00938_960627_ra.jpg,3
00940_960627_hl.jpg,2
00940_960627_qr.jpg,20
00941_960627_fa.jpg,12
00941_960627_hr.jpg,1
00941_960627_pl.jpg,3
00941_960627_qr.jpg,1
00942_960627_fa.jpg,19
00942_960627_ql.jpg,9
00942_960627_rc.jpg,5
00943_960627_fa.jpg,20
00943_960627_ra.jpg,14
00943_960627_rc.jpg,20
00944_960627_hl.jpg,2
00944_960627_pl.jpg,15
00944_960627_pr.jpg,22
00945_960627_fa.jpg,5
00945_960627_pl.jpg,4
00945_960627_qr.jpg,5
00946_960627_pl.jpg,3
00946_960627_pr.jpg,10
00946_960627_ql.jpg,23
00946_960627_rd.jpg,7
00946_960627_re.jpg,10
00947_960627_fa.jpg,1
00947_960627_fb.jpg,1
00947_960627_hl.jpg,3
00947_960627_ra.jpg,3
00947_960627_rb.jpg,3
00948_960627_fb.jpg,1
00948_960627_hr.jpg,22
00948_960627_pl.jpg,3
00948_960627_qr.jpg,1
00949_960627_hl.jpg,4
00949_960627_hr.jpg,18
00949_960627_rc.jpg,18
00950_960627_fb.jpg,1
00950_960627_hl.jpg,3
00950_960627_qr.jpg,1
00950_960627_rc.jpg,1
00950_960627_rd.jpg,1
00950_960627_re.jpg,22
00951_960627_fb.jpg,5
00951_960627_hr.jpg,20
00951_960627_ql.jpg,9
00952_960627_fb.jpg,1
00952_960627_pl.jpg,3
00952_960627_qr.jpg,1
00952_960627_rc.jpg,1
00953_960627_hl.jpg,3
00953_960627_hr.jpg,22
00953_960627_pl.jpg,3
00953_960627_pr.jpg,18
00953_960627_ql.jpg,3
00953_960627_ra.jpg,3
00953_960627_rb.jpg,0
00953_960627_rc.jpg,22
00954_960627_fa.jpg,1
00954_960627_fb.jpg,1
00954_960627_hr.jpg,22
00954_960627_pl.jpg,3
00954_960627_qr.jpg,1
00954_960627_ra.jpg,3
00955_960627_qr.jpg,18
00956_960627_fa.jpg,20
00956_960627_fb.jpg,19
00956_960627_hl.jpg,2
00956_960627_hr.jpg,22
00956_960627_pr.jpg,22
00956_960627_re.jpg,7
00957_960627_hr.jpg,1
00958_960627_fa.jpg,1
00958_960627_fb.jpg,1
00958_960627_hr.jpg,22
00958_960627_pl.jpg,3
00958_960627_rd.jpg,22
00959_960627_rb.jpg,1
00959_960627_rc.jpg,1
00960_960627_fa.jpg,1
00960_960627_pr.jpg,22
00961_960627_fb.jpg,5
00961_960627_pr.jpg,18
00961_960627_rb.jpg,9
00962_960627_hr.jpg,22
00962_960627_pl.jpg,3
00962_960627_rd.jpg,22
00963_960627_hr.jpg,22
00964_960627_hl.jpg,4
00964_960627_pl.jpg,4
00964_960627_pr.jpg,18
00964_960627_qr.jpg,7
00965_960627_fa.jpg,0
00965_960627_hr.jpg,10
00966_960627_fb.jpg,1
00966_960627_qr.jpg,22
00966_960627_rc.jpg,1
00966_960627_rd.jpg,22
00967_960627_fa.jpg,20
00967_960627_hl.jpg,15
00967_960627_hr.jpg,10
00968_960627_pl.jpg,3
00968_960627_qr.jpg,22
00968_960627_rb.jpg,3
00969_960627_hl.jpg,3
00969_960627_rc.jpg,19
00970_960627_hl.jpg,9
00970_960627_rc.jpg,5
00971_960627_fb.jpg,0
00971_960627_rc.jpg,7
00972_960627_pr.jpg,22
00972_960627_rc.jpg,22
00972_960627_re.jpg,22
00973_960627_fa.jpg,14
00973_960627_fb.jpg,14
00973_960627_pr.jpg,22
00973_960627_qr.jpg,22
00974_960627_pr.jpg,10
00974_960627_rd.jpg,10
00976_960627_fa.jpg,1
00976_960627_hr.jpg,22
00976_960627_pl.jpg,14
00976_960627_pr.jpg,22
00976_960627_re.jpg,22
00977_960627_qr.jpg,22
00978_960627_fb.jpg,0
00978_960627_hl.jpg,2
00978_960627_pl.jpg,9
00978_960627_ql.jpg,23
00978_960627_ra.jpg,9
00979_960627_hr.jpg,18
00980_960627_fb.jpg,0
00980_960627_rc.jpg,7
00980_960627_rd.jpg,7
00981_960627_fb.jpg,19
00981_960627_pl.jpg,3
00981_960627_pr.jpg,22
00981_960627_rc.jpg,21
00982_960627_hl.jpg,14
00982_960627_hr.jpg,22
00982_960627_pl.jpg,14
00982_960627_qr.jpg,22
00982_960627_rb.jpg,14
00983_960627_fa.jpg,14
00983_960627_hr.jpg,22
00983_960627_pr.jpg,22
00983_960627_ql.jpg,14
00983_960627_qr.jpg,22
00984_960627_fa.jpg,8
00984_960627_fb.jpg,8
00985_960627_fa.jpg,14
00985_960627_hl.jpg,14
00985_960627_pl.jpg,14
00985_960627_pr.jpg,22
00985_960627_qr.jpg,20
00987_960627_pl.jpg,14
00987_960627_pr.jpg,22
00987_960627_ql.jpg,14
00987_960627_qr.jpg,22
00988_960627_fa.jpg,19
00988_960627_pl.jpg,14
00989_960627_hl.jpg,14
00989_960627_hr.jpg,22
00990_960627_pr.jpg,22
00990_960627_ql.jpg,14
00990_960627_qr.jpg,22
00990_960627_rd.jpg,22
00991_960627_fa.jpg,14
00991_960627_fb.jpg,14
00991_960627_ql.jpg,14
00991_960627_qr.jpg,22
00991_960627_rc.jpg,22
00992_960627_fa.jpg,22
00992_960627_pr.jpg,22
00993_960627_fa.jpg,20
00993_960627_pr.jpg,22
00994_960627_ql.jpg,14
00995_960627_fb.jpg,14
00995_960627_ql.jpg,14
00995_960627_rb.jpg,14
00996_960627_hl.jpg,14
00996_960627_hr.jpg,22
00996_960627_pl.jpg,14
00996_960627_rd.jpg,22
00997_960627_hl.jpg,14
00997_960627_hr.jpg,22
00997_960627_pr.jpg,22
00997_960627_ra.jpg,14
00997_960627_rb.jpg,14
00998_960627_pl.jpg,3
00998_960627_qr.jpg,22
00998_960627_rc.jpg,20
00998_960627_re.jpg,22
00999_960627_fb.jpg,14
00999_960627_hl.jpg,14
00999_960627_pl.jpg,14
00999_960627_rb.jpg,14
01000_960627_hr.jpg,22
01000_960627_pr.jpg,22
01001_960627_fa.jpg,22
01001_960627_rc.jpg,22
01002_960627_hl.jpg,14
01002_960627_pl.jpg,14
01002_960627_qr.jpg,22
01002_960627_rc.jpg,20
01003_960627_fb.jpg,19
01003_960627_hl.jpg,14
01003_960627_pl.jpg,14
01003_960627_qr.jpg,22
01003_960627_rc.jpg,1
01003_960627_rd.jpg,22
01004_960627_fa.jpg,19
01004_960627_hl.jpg,14
01004_960627_pl.jpg,14
01004_960627_ra.jpg,14
01005_960627_fa.jpg,20
01005_960627_fb.jpg,14
01005_960627_hr.jpg,22
01005_960627_pl.jpg,14
01005_960627_qr.jpg,22
01005_960627_ra.jpg,14
01005_960627_rc.jpg,22
01006_960627_fa.jpg,20
01006_960627_pl.jpg,14
01006_960627_ql.jpg,14
01006_960627_qr.jpg,22
01006_960627_rc.jpg,20
01006_960627_rd.jpg,22
01007_960627_rb.jpg,2
01008_960627_pl.jpg,15
01008_960627_pr.jpg,22
01008_960627_ql.jpg,2
01008_960627_rc.jpg,20
01009_960627_fa.jpg,14
01009_960627_fb.jpg,14
01009_960627_hr.jpg,22
01009_960627_re.jpg,22
01010_960627_pr.jpg,22
01010_960627_qr.jpg,20
01011_960627_hr.jpg,22
01011_960627_pr.jpg,22
01012_960627_fb.jpg,22
01012_960627_hl.jpg,14
01012_960627_rb.jpg,14
01207_940128_fa.jpg,16
01207_940128_fb.jpg,16
01207_940128_pr.jpg,18
01208_940128_fb_a.jpg,16
01208_940128_hl_a.jpg,23
01208_940128_hr_a.jpg,21