00002_931230_pr.jpg,6
00002_940928_fb.jpg,3
00003_941121_fa.jpg,10
00005_941121_hr.jpg,7
00005_941121_pl.jpg,4
00005_941121_qr.jpg,7
00005_941121_ra.jpg,4
00006_931230_fb.jpg,6
00006_931230_hr.jpg,6
00006_931230_pr.jpg,10
00013_931230_hr.jpg,9
00019_940307_hl.jpg,1
00019_940307_hr.jpg,1
00020_931230_fa.jpg,6
00020_931230_fb.jpg,6
00020_931230_hr.jpg,11
00020_931230_pl.jpg,5
00020_931230_pr.jpg,8
00024_940128_hr_a.jpg,10
00026_931230_fa_a.jpg,1
00028_940128_fa.jpg,11
00028_940128_fb.jpg,4
00028_940128_pl.jpg,5
00028_940128_pr.jpg,8
00028_940928_fa.jpg,10
00028_940928_hl.jpg,4
00028_940928_hr.jpg,10
00029_940928_rc.jpg,10
00029_960530_pr.jpg,0
00029_960627_pr.jpg,7
00029_960627_rc.jpg,7
00038_940128_hl.jpg,4
00038_940128_pl.jpg,5
00038_940128_pr.jpg,8
00040_931230_fb.jpg,6
00040_931230_hr.jpg,6
00040_931230_pl.jpg,11
00044_931230_hl.jpg,6
00044_931230_pl.jpg,4
00044_931230_pr.jpg,8
00046_931230_fa.jpg,6
00046_931230_pl.jpg,5
00046_931230_pr.jpg,8
00047_931230_fa.jpg,6
00048_931230_fa_a.jpg,6
00048_931230_fb_a.jpg,6
00049_931230_fb.jpg,6
00049_931230_hl.jpg,6
00049_931230_pl.jpg,5
00049_931230_pr.jpg,8
00050_931230_fa.jpg,6
00050_931230_pr.jpg,10
00051_931230_fb.jpg,6
00052_931230_fa.jpg,6
00052_931230_hl.jpg,4
00052_931230_pl.jpg,5
00052_931230_pr.jpg,10
00053_931230_fa.jpg,9
00053_931230_fb.jpg,9
00053_931230_pl.jpg,5
00054_931230_fa_a.jpg,6
00054_931230_fb_a.jpg,6
00054_931230_hl_a.jpg,6
00054_931230_pl_a.jpg,5
00056_931230_fb.jpg,6
00056_931230_pr.jpg,8
00057_931230_fa.jpg,6
00057_931230_pl.jpg,5
00057_931230_pr.jpg,11
00058_931230_fa.jpg,6
00058_931230_hl.jpg,6
00058_931230_pl.jpg,5
00058_931230_pr.jpg,7
00059_931230_fb.jpg,6
00059_931230_pr.jpg,11
00060_931230_fb.jpg,6
00061_931230_hl.jpg,4
00061_931230_pl.jpg,5
00061_931230_pr.jpg,7
00062_931230_fa.jpg,6
00062_931230_fb.jpg,6
00062_931230_pr.jpg,6
00063_931230_fb.jpg,6
00063_931230_hr.jpg,6
00063_931230_pl.jpg,5
00064_931230_fa.jpg,6
00064_931230_fb.jpg,6
00064_931230_hr.jpg,6
00064_931230_pl.jpg,5
00065_931230_fb.jpg,6
00065_931230_hr.jpg,6
00065_931230_pl.jpg,5
00065_931230_pr.jpg,6
00066_931230_fa_a.jpg,6
00066_931230_hl_a.jpg,6
00066_931230_pr_a.jpg,8
00067_931230_fb_a.jpg,6
00067_931230_pl_a.jpg,5
00067_931230_pr_a.jpg,6
00068_931230_fb.jpg,6
00068_931230_hl.jpg,5
00068_931230_pl.jpg,5
00069_931230_fb.jpg,6
00070_940422_fa.jpg,10
00070_940422_pl.jpg,2
00070_941031_pr.jpg,8
00070_941121_pl.jpg,2
00071_931230_hl.jpg,6
00071_940128_fa.jpg,9
00072_931230_fa.jpg,1
00072_931230_hr.jpg,1
00073_931230_fa.jpg,6
00073_931230_fb.jpg,6
00073_931230_hl.jpg,6
00074_931230_fa_a.jpg,6
00074_931230_fb_a.jpg,6
00074_931230_hl_a.jpg,6
00074_931230_pr_a.jpg,11
00075_931230_fa.jpg,6
00075_931230_pl.jpg,5
00076_931230_fa.jpg,6
00076_931230_fb.jpg,6
00076_931230_hr.jpg,6
00076_931230_pl.jpg,5
00076_931230_pr.jpg,6
00077_931230_fa.jpg,6
00077_931230_hr.jpg,6
00077_931230_pl.jpg,5
00077_931230_pr.jpg,11
00078_931230_fa_a.jpg,6
00078_931230_pl_a.jpg,5
00078_931230_pr_a.jpg,8
00079_931230_pl_a.jpg,5
00079_931230_pr_a.jpg,8
00080_931230_fa.jpg,6
00080_931230_fb.jpg,6
00080_931230_hr.jpg,6
00080_931230_pr.jpg,6
00081_940928_fb.jpg,11
00081_941031_rd.jpg,7
00082_931230_fa.jpg,6
00082_931230_fb.jpg,6
00082_931230_hr.jpg,6
00082_931230_pl.jpg,5
00082_931230_pr.jpg,6
00083_931230_fb_a.jpg,6
00083_931230_pl_a.jpg,5
00083_931230_pr_a.jpg,10
00083_940128_fa_a.jpg,11
00084_931230_fa.jpg,6
00084_931230_hr.jpg,11
00084_931230_pl.jpg,5
00084_931230_pr.jpg,10
00085_931230_fa.jpg,6
00085_931230_pl.jpg,5
00086_931230_fa.jpg,6
00086_931230_hr.jpg,6
00086_940422_hr.jpg,11
00086_940422_pr.jpg,9
00087_931230_fb_a.jpg,2
00087_931230_hr_a.jpg,2
00088_931230_fa_a.jpg,2
00088_931230_hr_a.jpg,2
00088_931230_pl_a.jpg,2
00088_931230_pr_a.jpg,10
00089_931230_fb.jpg,6
00089_931230_hr.jpg,6
00089_931230_pl.jpg,5
00090_931230_fa.jpg,6
00090_931230_fb.jpg,6
00090_931230_hr.jpg,6
00090_931230_pl.jpg,5
00090_931230_pr.jpg,8
00091_931230_fa.jpg,6
00091_931230_hr.jpg,6
00091_931230_pl.jpg,5
00092_931230_fa.jpg,9
00092_931230_fb.jpg,6
00092_931230_hr.jpg,9
00092_931230_pl.jpg,5
00092_931230_pr.jpg,8
00093_931230_fb.jpg,6
00093_941031_rc.jpg,11
00093_941121_fb.jpg,4
00093_941121_ql.jpg,4
00094_931230_fa_a.jpg,4
00094_931230_fb_a.jpg,6
00094_931230_pl_a.jpg,5
00095_931230_hr.jpg,11
00095_940128_fa.jpg,10
00095_940128_fb.jpg,10
00095_940128_pl.jpg,2
00095_940128_pr.jpg,7
00096_931230_fa.jpg,6
00096_931230_hr.jpg,6
00096_931230_pr.jpg,7
00097_931230_hr.jpg,11
00097_931230_pr.jpg,8
00098_931230_fa.jpg,6
00098_931230_fb.jpg,6
00098_931230_hr.jpg,8
00099_931230_fb_a.jpg,4
00099_931230_hr_a.jpg,11
00099_931230_pl_a.jpg,5
00099_931230_pr_a.jpg,3
00100_931230_fb_a.jpg,6
00100_931230_hr_a.jpg,6
00100_931230_pr_a.jpg,10
00101_931230_fb.jpg,6
00101_931230_hr.jpg,9
00101_931230_pr.jpg,8
00102_931230_fb.jpg,3
00102_931230_hr.jpg,11
00102_931230_pl.jpg,3
00102_931230_pr.jpg,10
00103_931230_fa_a.jpg,6
00103_931230_fb_a.jpg,6
00103_931230_hr_a.jpg,6
00103_931230_pl_a.jpg,5
00103_931230_pr_a.jpg,6
00104_931230_fa.jpg,6
00104_931230_fb.jpg,6
00104_931230_hr.jpg,6
00104_931230_pr.jpg,10
00105_931230_fa.jpg,6
00105_931230_fb.jpg,6
00105_931230_pl.jpg,5
00106_931230_fa_a.jpg,6
00106_931230_fb_a.jpg,6
00106_931230_hr_a.jpg,6
00106_931230_pr_a.jpg,8
00107_941031_rd.jpg,8
00107_941121_pl.jpg,2
00107_941121_rc.jpg,7
00108_931230_hr.jpg,6
00108_941031_ql.jpg,11
00108_941031_rd.jpg,11
00109_931230_fa.jpg,6
00109_931230_hr.jpg,6
00109_931230_pr.jpg,6
00110_931230_fb.jpg,2
00110_931230_hr.jpg,2
00110_931230_pl.jpg,5
00111_931230_fb.jpg,2
00111_931230_pl.jpg,5
00112_931230_fb.jpg,2
00112_931230_hr.jpg,10
00112_931230_pl.jpg,5
00113_931230_fa_a.jpg,6
00113_931230_pr_a.jpg,8
00115_931230_hr.jpg,6
00115_931230_pl.jpg,5
00115_931230_pr.jpg,6
00116_931230_fa.jpg,6
00116_931230_fb.jpg,6
00116_931230_pl.jpg,5
00116_931230_pr.jpg,10
00117_931230_fa_a.jpg,6
00117_931230_hl_a.jpg,4
00117_931230_pl_a.jpg,5
00117_931230_pr_a.jpg,0
00118_931230_fa_a.jpg,2
00118_931230_fb_a.jpg,2
00118_931230_hr_a.jpg,2
00119_931230_fa.jpg,6
00119_931230_fb.jpg,6
00119_931230_pr.jpg,10
00120_931230_fa.jpg,6
00120_931230_hr.jpg,6
00120_931230_pr.jpg,6
00121_931230_pr.jpg,10
00122_931230_fb.jpg,6
00123_931230_fa.jpg,2
00123_931230_fb.jpg,2
00123_931230_pl.jpg,5
00123_931230_pr.jpg,10
00124_931230_fa.jpg,2
00124_931230_fb.jpg,2
00124_931230_pl.jpg,5
00124_931230_pr.jpg,2
00125_931230_fa.jpg,2
00125_931230_fb.jpg,2
00125_931230_pl.jpg,5
00126_931230_fb.jpg,6
00126_931230_hr.jpg,6
00126_931230_pr.jpg,10
00127_931230_fa.jpg,6
00127_931230_pl.jpg,5
00128_931230_fb_a.jpg,6
00128_931230_hr_a.jpg,6
00128_931230_pl_a.jpg,5
00128_931230_pr_a.jpg,6
00129_931230_hr.jpg,3
00129_931230_pl.jpg,10
00129_931230_pr.jpg,3
00130_931230_fa.jpg,6
00130_931230_fb.jpg,6
00130_931230_pl.jpg,6
00130_931230_pr.jpg,6
00131_931230_hr.jpg,6
00131_931230_pl.jpg,6
00131_931230_pr.jpg,6
00132_931230_fb.jpg,6
00133_931230_fb.jpg,1
00133_931230_hl.jpg,1
00133_931230_hr.jpg,1
00133_931230_pr.jpg,1
00134_931230_pl_a.jpg,5
00134_931230_pr_a.jpg,8
00135_931230_fa_a.jpg,1
00135_931230_hl_a.jpg,1
00135_931230_hr_a.jpg,1
00135_931230_pr_a.jpg,1
00136_931230_pl.jpg,5
00136_931230_pr.jpg,9
00137_931230_fa_a.jpg,6
00137_931230_fb_a.jpg,6
00137_931230_hr_a.jpg,6
00137_931230_pl_a.jpg,5
00139_931230_fa.jpg,6
00139_931230_fb.jpg,6
00139_931230_pl.jpg,5
00140_941121_fa.jpg,7
00141_931230_pr.jpg,8
00142_931230_fa.jpg,6
00142_931230_fb.jpg,6
00142_931230_hl.jpg,6
00142_931230_pl.jpg,5
00144_931230_fa.jpg,6
00145_931230_fa.jpg,6
00145_931230_fb.jpg,6
00145_931230_hl.jpg,6
00145_931230_pl.jpg,5
00146_941201_rd.jpg,7
00146_960620_hr.jpg,0
00147_931230_fa.jpg,6
00147_931230_fb.jpg,6
00147_931230_pl.jpg,5
00148_931230_fa.jpg,6
00148_931230_fb.jpg,6
00148_931230_hr.jpg,6
00148_931230_pl.jpg,5
00148_931230_pr.jpg,8
00149_931230_fb.jpg,4
00149_931230_hr.jpg,11
00150_931230_fa_a.jpg,1
00150_931230_hl_a.jpg,1
00150_931230_pr_a.jpg,7
00150_940128_fa_a.jpg,11
00150_940128_pr_a.jpg,8
00152_931230_fa.jpg,6
00152_931230_fb.jpg,6
00153_931230_fa.jpg,1
00153_931230_hr.jpg,1
00154_931230_fb.jpg,9
00154_931230_pr.jpg,8
00154_940128_hl.jpg,4
00154_940128_hr.jpg,9
00154_940128_pl.jpg,5
00154_940128_pr.jpg,8
00155_931230_fb.jpg,6
00155_931230_pl.jpg,5
00155_931230_pr.jpg,7
00155_940128_fa.jpg,11
00155_940128_fb.jpg,11
00155_940128_hl.jpg,4
00156_931230_fa_a.jpg,6
00156_931230_fb_a.jpg,6
00156_931230_hr_a.jpg,6
00156_931230_pr_a.jpg,7
00157_940128_hr_a.jpg,9
00157_940928_pr.jpg,7
00158_931230_fa.jpg,6
00158_931230_fb.jpg,6
00158_931230_hr.jpg,6
00158_931230_pl.jpg,5
00158_931230_pr.jpg,8
00159_931230_fb.jpg,6
00159_931230_hl.jpg,6
00159_931230_pl.jpg,5
00160_931230_fa_a.jpg,6
00160_931230_hl_a.jpg,6
00160_931230_pl_a.jpg,5
00160_931230_pr_a.jpg,11
00161_931230_fa_a.jpg,1
00161_931230_hl_a.jpg,1
00161_931230_pr_a.jpg,1
00162_931230_fb.jpg,1
00163_931230_fb.jpg,6
00163_931230_pl.jpg,5
00164_931230_fb_a.jpg,6
00164_931230_hl_a.jpg,5
00164_931230_pl_a.jpg,5
00165_931230_fa_a.jpg,6
00165_931230_fb_a.jpg,6
00165_931230_hl_a.jpg,6
00165_931230_pl_a.jpg,5
00165_931230_pr_a.jpg,8
00166_931230_fb.jpg,6
00166_931230_hr.jpg,6
00166_931230_pl.jpg,5
00166_931230_pr.jpg,11
00167_931230_fa.jpg,6
00167_931230_fb.jpg,6
00167_931230_hr.jpg,3
00167_931230_pl.jpg,3
00167_931230_pr.jpg,0
00168_931230_fa_a.jpg,6
00168_931230_fb_a.jpg,6
00168_931230_hl_a.jpg,6
00168_931230_pl_a.jpg,5
00168_931230_pr_a.jpg,10
00169_931230_fa_a.jpg,6
00169_931230_fb_a.jpg,6
00169_931230_pl_a.jpg,5
00170_931230_fb.jpg,6
00170_931230_hr.jpg,6
00170_931230_pr.jpg,8
00171_931230_pr.jpg,0
00172_931230_fa.jpg,6
00172_931230_hr.jpg,6
00172_931230_pl.jpg,5
00172_931230_pr.jpg,8
00173_931230_fa_a.jpg,6
00173_931230_hr_a.jpg,6
00173_931230_pl_a.jpg,5
00173_931230_pr_a.jpg,8
00174_931230_fa_a.jpg,6
00174_931230_hl_a.jpg,5
00175_931230_fa_a.jpg,11
00175_931230_fb_a.jpg,9
00175_931230_hr_a.jpg,11
00175_931230_pl_a.jpg,3
00175_931230_pr_a.jpg,0
00176_931230_fa.jpg,6
00176_931230_fb.jpg,6
00176_931230_pl.jpg,5
00176_931230_pr.jpg,8
00177_931230_hr_a.jpg,11
00177_931230_pl_a.jpg,5
00177_931230_pr_a.jpg,8
00178_931230_fa.jpg,6
00178_931230_fb.jpg,6
00178_931230_hr.jpg,6
00178_931230_pl.jpg,3
00178_931230_pr.jpg,8
00179_931230_fa.jpg,6
00179_931230_fb.jpg,6
00179_931230_pl.jpg,5
00180_931230_fb.jpg,6
00180_931230_hr.jpg,6
00180_931230_pr.jpg,8
00181_931230_hr.jpg,11
00181_931230_pl.jpg,11
00181_931230_pr.jpg,8
00182_931230_fb.jpg,1
00183_940128_fa.jpg,8
00183_940128_fb.jpg,11
00183_940128_pl.jpg,4
00183_940128_pr.jpg,11
00184_940128_fa.jpg,11
00184_940128_fb.jpg,11
00184_940128_pl.jpg,5
00184_940128_pr.jpg,8
00184_940422_fa.jpg,10
00184_940422_fb.jpg,4
00184_940422_hl.jpg,4
00185_940128_fa.jpg,2
00185_940128_fb.jpg,2
00185_940128_hl.jpg,2
00186_940128_fb_a.jpg,10
00186_940128_hr_a.jpg,7
00186_940128_pl_a.jpg,2
00186_940128_pr_a.jpg,7
00188_940128_fb.jpg,10
00188_940128_hr.jpg,0
00188_940128_pr.jpg,10
00188_940307_hr.jpg,7
00190_940128_pl.jpg,4
00190_940128_pr.jpg,9
00191_940128_fb.jpg,9
00191_940128_pr.jpg,9
00192_940128_fa.jpg,11
00192_940128_fb.jpg,11
00192_940128_hl.jpg,4
00192_940128_hr.jpg,11
00192_940128_pr.jpg,8
00193_940128_pl.jpg,5
00193_940928_fa.jpg,11
00193_940928_fb.jpg,3
00193_940928_hl.jpg,3
00193_940928_pr.jpg,11
00194_940128_hl.jpg,10
00194_940128_hr.jpg,10
00194_940128_pr.jpg,10
00195_940128_fa.jpg,9
00195_940128_fb.jpg,9
00196_940128_fb.jpg,9
00196_940128_pl.jpg,5
00196_940128_pr.jpg,8
00197_940128_fa.jpg,9
00197_940128_hr.jpg,9
00197_940128_pl.jpg,5
00197_940128_pr.jpg,8
00198_940128_fa.jpg,2
00198_940128_hr.jpg,9
00198_940128_pr.jpg,8
00200_940128_hr.jpg,10
00200_940128_pl.jpg,4
00200_940128_pr.jpg,9
00201_940128_fa.jpg,9
00201_940128_fb.jpg,9
00201_940128_hl.jpg,4
00201_940128_hr.jpg,8
00201_940128_pl.jpg,5
00201_940128_pr.jpg,8
00202_940128_fb.jpg,11
00202_940128_hr.jpg,9
00202_940128_pl.jpg,5
00202_940128_pr.jpg,9
00203_940128_pr.jpg,0
00204_940128_hl_a.jpg,4
00204_940128_hr_a.jpg,8
00204_940128_pr_a.jpg,8
00205_940128_hl.jpg,4
00205_940128_hr.jpg,8
00207_940128_hl.jpg,4
00207_940128_pr.jpg,8
00208_940128_fa.jpg,11
00208_940128_hl.jpg,4
00208_940128_hr.jpg,9
00208_940128_pl.jpg,5
00209_940128_fb.jpg,9
00210_940128_hr.jpg,8
00210_940128_pl.jpg,5
00210_940422_fa.jpg,9
00210_940422_fb.jpg,9
00210_940422_hr.jpg,9
00210_940422_pl.jpg,5
00210_940422_pr.jpg,8
00211_940128_fb.jpg,4
00211_940128_hl.jpg,4
00211_940128_pl.jpg,5
00211_940128_pr.jpg,8
00212_940128_fb_a.jpg,6
00212_940128_hl_a.jpg,5
00212_940128_hr_a.jpg,8
00212_940128_pl_a.jpg,5
00213_940128_pl.jpg,5
00214_940128_fa.jpg,11
00214_940128_hl.jpg,4
00214_940128_hr.jpg,8
00214_940128_pl.jpg,5
00214_940128_pr.jpg,8
00215_940128_hr_a.jpg,11
00215_940128_pl_a.jpg,4
00216_940128_fa.jpg,10
00216_940128_fb.jpg,10
00216_940128_pr.jpg,9
00217_940128_fb_a.jpg,10
00217_940128_hl_a.jpg,3
00217_940128_pl_a.jpg,4
00217_940128_pr_a.jpg,10
00218_940128_fa.jpg,9
00218_940128_hl.jpg,4
00218_940128_hr.jpg,9
00218_940128_pl.jpg,4
00218_940128_pr.jpg,9
00219_940128_hr_a.jpg,8
00219_940128_pl_a.jpg,5
00220_940128_fa.jpg,11
00220_940128_fb.jpg,11
00220_940128_hl.jpg,4
00220_940128_hr.jpg,9
00220_940128_pr.jpg,8
00221_940128_fa.jpg,9
00221_940128_fb.jpg,9
00221_940128_hr.jpg,9
00221_940128_pl.jpg,5
00222_940128_fb.jpg,11
00222_940128_hl.jpg,4
00222_940128_hr.jpg,9
00222_940128_pl.jpg,2
00222_940128_pr.jpg,8
00223_940128_hl.jpg,5
00224_940128_fb.jpg,11
00224_940128_pl.jpg,5
00224_940128_pr.jpg,8
00225_940128_fa_a.jpg,9
00225_940128_fb_a.jpg,9
00225_940128_hl_a.jpg,4
00225_940128_hr_a.jpg,9
00227_940128_fb.jpg,9
00227_940128_pr.jpg,8
00228_940128_fb_a.jpg,11
00228_940128_pl_a.jpg,5
00229_940128_fb.jpg,4
00229_940128_hl.jpg,4
00229_940128_pl.jpg,4
00230_940128_fb.jpg,4
00230_940128_hl.jpg,4
00230_940128_hr.jpg,11
00230_940128_pl.jpg,10
00230_940128_pr.jpg,10
00231_940128_fa.jpg,9
00231_940128_fb.jpg,9
00231_940128_hl.jpg,9
00231_940128_pl.jpg,5
00231_940128_pr.jpg,7
00233_940128_pl_a.jpg,2
00233_940128_pr_a.jpg,7
00234_940128_hl.jpg,4
00234_940128_hr.jpg,10
00234_940128_pl.jpg,5
00235_940128_fa.jpg,11
00235_940128_fb.jpg,11
00235_940128_hl.jpg,4
00235_940128_hr.jpg,8
00235_940128_pl.jpg,5
00235_940128_pr.jpg,8
00237_940128_fa.jpg,11
00237_940128_hl.jpg,3
00237_940128_pl.jpg,5
00237_940128_pr.jpg,8
00238_940128_fa.jpg,9
00238_940128_fb.jpg,9
00238_940128_hr.jpg,8
00238_940128_pl.jpg,5
00238_940128_pr.jpg,8
00239_940128_fa.jpg,4
00239_940128_hl.jpg,4
00239_940128_hr.jpg,8
00241_940128_hl_a.jpg,2
00241_940128_pl_a.jpg,2
00242_940128_fa.jpg,9
00242_940128_hl.jpg,4
00242_940128_pr.jpg,8
00243_940128_fa.jpg,9
00243_940128_hl.jpg,4
00243_940128_hr.jpg,9
00243_940128_pl.jpg,5
00243_940128_pr.jpg,8
00244_940128_fa.jpg,11
00244_940128_fb.jpg,11
00245_940128_fb.jpg,9
00246_940128_fa.jpg,11
00246_940128_fb.jpg,11
00247_940128_fa.jpg,10
00247_940128_pl.jpg,3
00247_940128_pr.jpg,10
00247_941121_fb.jpg,10
00247_941121_hl.jpg,2
00248_940128_hl.jpg,10
00249_940128_fa_a.jpg,11
00249_940128_fb_a.jpg,11
00249_940128_hl_a.jpg,4
00249_940128_hr_a.jpg,11
00249_940128_pl_a.jpg,3
00250_940128_fa.jpg,11
00250_940128_hr.jpg,11
00250_940128_pr.jpg,8
00251_940128_hl.jpg,10
00251_940128_pr.jpg,10
00252_940128_fa_a.jpg,11
00252_940128_hr_a.jpg,9
00253_940128_hl.jpg,9
00253_940128_hr.jpg,9
00254_941121_fa.jpg,9
00254_941121_fb.jpg,9
00254_941121_hl.jpg,4
00254_941121_pl.jpg,4
00254_941121_ql.jpg,4
00254_941121_re.jpg,1
00255_940128_hl.jpg,4
00255_940128_hr.jpg,9
00255_940128_pl.jpg,4
00255_940128_pr.jpg,8
00256_940128_hl.jpg,4
00256_940128_pr.jpg,8
00256_940928_fa.jpg,10
00257_940128_fa.jpg,11
00257_940128_hl.jpg,4
00257_940128_pl.jpg,5
00259_940128_hl.jpg,4
00259_940128_pl.jpg,5
00259_940128_pr.jpg,8
00260_940128_pr.jpg,8
00261_940128_fb.jpg,10
00261_940128_hl.jpg,4
00261_940128_pl.jpg,5
00262_940128_pr.jpg,8
00263_940128_fa.jpg,9
00263_940128_hr.jpg,9
00263_940128_pl.jpg,5
00263_940128_pr.jpg,7
00264_940128_fb.jpg,9
00264_940128_hl.jpg,4
00264_940128_hr.jpg,8
00264_940128_pl.jpg,5
00265_940128_hl.jpg,6
00266_940128_fa.jpg,6
00266_940128_fb.jpg,6
00266_940128_hl.jpg,6
00266_940128_pl.jpg,4
00268_940422_fb.jpg,4
00268_960530_pr.jpg,0
00268_960530_ra.jpg,3
00268_960627_pl.jpg,2
00269_940422_hl_a.jpg,11
00269_940422_pr_a.jpg,11
00270_940422_fa.jpg,9
00270_940422_pl.jpg,5
00271_940422_fa.jpg,9
00271_940422_hr.jpg,9
00271_940422_pl.jpg,5
00271_940422_pr.jpg,8
00272_940422_pr.jpg,8
00273_940422_fa.jpg,11
00273_940422_fb.jpg,11
00273_940422_hr.jpg,11
00275_940422_fa.jpg,3
00275_940422_fb.jpg,4
00275_940422_pr.jpg,8
00276_940422_fa_a.jpg,4
00276_940422_hr.jpg,10
00276_940422_pr.jpg,7
00278_940422_fa.jpg,9
00278_940422_fb.jpg,7
00278_940422_hl.jpg,2
00278_940422_hr.jpg,8
00278_940422_pr.jpg,8
00279_940422_fb.jpg,4
00279_940422_hr.jpg,8
00279_940422_pl.jpg,5
00280_940422_fa.jpg,11
00280_940422_hl.jpg,4
00280_940422_pr.jpg,8
00281_940422_fa.jpg,11
00281_940422_fb.jpg,11
00281_940422_hl.jpg,4
00281_940422_hr.jpg,8
00281_940422_pr.jpg,8
00282_940422_hr.jpg,10
00283_940422_fa.jpg,11
00283_940422_fb.jpg,11
00283_940422_hr_a.jpg,11
00283_940422_pl.jpg,4
00283_940422_pr.jpg,8
00284_940422_pr.jpg,8
00285_940422_fa.jpg,3
00285_940422_fb.jpg,0
00285_940422_hl.jpg,3
00285_940422_hr.jpg,0
00285_940422_pr.jpg,8
00286_940422_fa.jpg,10
00287_940422_fb_a.jpg,10
00287_940422_fb.jpg,11
00287_940422_hl_a.jpg,5
00287_940422_pl_a.jpg,5
00287_940422_pl.jpg,5
00288_940422_fa.jpg,9
00288_940422_hr.jpg,8
00288_940422_pl.jpg,5
00288_940422_pr.jpg,8
00289_940422_fb.jpg,3
00290_940422_fa.jpg,4
00290_940422_hr.jpg,8
00290_940422_pl.jpg,4
00290_940422_pr.jpg,8
00291_940422_fa.jpg,11
00291_940422_fb.jpg,11
00291_940422_hr.jpg,8
00292_940422_fa_a.jpg,4
00292_940422_fa.jpg,9
00292_940422_fb_a.jpg,9
00292_940422_hl_a.jpg,4
00292_940422_hl.jpg,4
00292_940422_pl.jpg,4
00293_940422_fa.jpg,11
00293_940422_hr.jpg,8
00293_940422_pl.jpg,5
00294_940422_fb.jpg,9
00294_940422_pl.jpg,4
00295_940422_fa_a.jpg,10
00295_940422_fa.jpg,10
00295_940422_fb_a.jpg,10
00295_940422_hl.jpg,10
00295_940422_hr_a.jpg,10
00295_940422_hr.jpg,7
00297_940422_fa.jpg,10
00297_940422_fb.jpg,10
00297_940422_hl.jpg,4
00298_940422_fb.jpg,10
00299_940422_fa.jpg,11
00299_940422_pl.jpg,3
00300_940422_hl.jpg,3
00300_940422_pl.jpg,4
00300_940422_pr.jpg,8
00301_940422_fa.jpg,11
00301_940422_pl.jpg,5
00303_940422_fa.jpg,11
00303_940422_fb.jpg,4
00303_940422_hl.jpg,5
00304_940422_fa.jpg,11
00304_940422_pl.jpg,5
00305_940422_hl.jpg,4
00306_940422_fb.jpg,4
00306_940422_pl.jpg,5
00306_940422_pr.jpg,8
00307_940422_fa.jpg,11
00307_940422_fb.jpg,11
00307_940422_hl.jpg,4
00307_940422_pl.jpg,5
00307_940422_pr.jpg,8
00308_940422_fa.jpg,9
00308_940422_pl.jpg,5
00308_940422_pr.jpg,8
00309_940422_fb.jpg,11
00309_940422_pl.jpg,4
00309_940422_pr.jpg,8
00310_940422_fa.jpg,11
00310_940422_hr.jpg,8
00310_940422_pr.jpg,8
00311_940422_fa.jpg,11
00311_940422_hl.jpg,4
00311_940422_hr.jpg,8
00312_940422_pl.jpg,5
00313_940422_fa.jpg,6
00313_940422_fb.jpg,11
00313_940422_hl.jpg,4
00313_940422_hr.jpg,9
00313_940422_pl.jpg,5
00313_940422_pr.jpg,8
00314_940422_fa.jpg,9
00314_940422_hl.jpg,4
00314_940422_pl.jpg,5
00314_940422_pr.jpg,8
00315_940422_fb.jpg,11
00315_940422_pl.jpg,5
00316_940422_fa.jpg,11
00316_940422_hr.jpg,11
00316_940422_pl.jpg,5
00317_940422_fa.jpg,4
00317_940422_pr.jpg,8
00318_940422_fa.jpg,4
00318_940422_fb.jpg,11
00318_940422_hl.jpg,4
00318_940422_pr.jpg,8
00319_940422_pr.jpg,8
00321_940422_fa.jpg,11
00321_940422_fb.jpg,3
00321_940422_pl.jpg,3
00321_940422_pr.jpg,0
00322_940422_hr.jpg,8
00322_940422_pl.jpg,5
00323_940422_fb.jpg,3
00323_940422_hl.jpg,3
00323_940422_hr.jpg,0
00323_940422_pl.jpg,5
00324_940422_hl.jpg,4
00324_940422_pr.jpg,8
00325_940422_fa_a.jpg,11
00325_940422_fb.jpg,11
00325_940422_hl_a.jpg,4
00325_940422_hl.jpg,4
00325_940422_hr_a.jpg,0
00325_940422_hr.jpg,9
00325_940422_pl_a.jpg,4
00326_940422_pl_a.jpg,4
00327_940422_fb.jpg,11
00327_940422_hl.jpg,4
00327_940422_pr.jpg,8
00328_940422_fb.jpg,11
00328_940422_hl.jpg,4
00328_940422_pr.jpg,8
00329_940422_fa.jpg,11
00329_940422_fb.jpg,11
00329_940422_hr.jpg,8
00329_940422_pr.jpg,8
00330_940422_fb.jpg,11
00330_940422_hr.jpg,11
00331_940422_pr.jpg,8
00332_940422_fa.jpg,11
00332_940422_hl.jpg,5
00332_940422_pl.jpg,5
00333_940422_fb.jpg,11
00333_940422_hl.jpg,4
00333_940422_hr.jpg,11
00333_940422_pr.jpg,8
00335_940422_fb_a.jpg,11
00335_940422_pr_a.jpg,8
00336_940422_fa.jpg,11
00336_940422_pr.jpg,8
00337_940422_fa.jpg,9
00337_940422_fb.jpg,9
00337_940422_hl.jpg,4
00337_940422_hr.jpg,8
00337_940422_pl.jpg,4
00338_940422_fa.jpg,11
00338_940422_hr_a.jpg,10
00338_940422_hr.jpg,11
00338_940422_pl.jpg,5
00338_940422_pr.jpg,8
00339_940422_hr.jpg,8
00340_940422_hl.jpg,3
00340_940422_pl.jpg,3
00340_940422_pr_a.jpg,9
00340_940422_pr.jpg,11
00341_940422_fa.jpg,11
00341_940422_fb.jpg,11
00341_940422_hl.jpg,4
00341_940422_hr.jpg,11
00341_940422_pl.jpg,4
00341_940422_pr.jpg,8
00342_940422_fa.jpg,11
00342_940422_hl.jpg,11
00342_940422_pl.jpg,5
00342_940422_pr.jpg,0
00343_940422_fa_a.jpg,11
00343_940422_fa.jpg,11
00343_940422_hl_a.jpg,5
00343_940422_hl.jpg,4
00343_940422_hr_a.jpg,10
00343_940422_pl_a.jpg,5
00344_940422_fa.jpg,9
00344_940422_hl.jpg,4
00344_940422_hr.jpg,8
00345_940422_hl.jpg,5
00345_940422_hr.jpg,8
00346_940422_pr.jpg,8
00347_940422_fa.jpg,11
00348_940422_fa.jpg,11
00348_940422_hl.jpg,5
00348_940422_hr.jpg,10
00348_940422_pr.jpg,8
00349_940422_fa.jpg,10
00349_940422_hl.jpg,5
00349_940422_hr.jpg,8
00349_940422_pl.jpg,5
00350_940422_fa.jpg,6
00350_940422_fb.jpg,11
00350_940422_pr.jpg,9
00351_940422_fa.jpg,11
00351_940422_fb.jpg,11
00351_940422_hl.jpg,4
00352_940422_fa.jpg,9
00352_940422_hr.jpg,9
00352_940422_pr.jpg,8
00353_940422_fa.jpg,9
00353_940422_fb.jpg,4
00353_940422_hl.jpg,4
00353_940422_hr.jpg,9
00354_940422_fa.jpg,9
00355_940422_hl.jpg,4
00356_940422_hr.jpg,9
00356_940422_pl.jpg,5
00356_940422_pr.jpg,8
00357_940422_fa.jpg,11
00357_940422_pl.jpg,5
00357_940422_pr.jpg,8
00358_940422_fb.jpg,11
00358_940422_hl.jpg,5
00358_940422_hr.jpg,11
00358_940422_pr.jpg,0
00359_940422_fb.jpg,11
00359_940422_hl.jpg,4
00359_940422_pl.jpg,5
00360_940422_fa.jpg,11
00361_940422_fa.jpg,11
00361_940422_pl.jpg,5
00362_940422_fa.jpg,11
00362_940422_pr.jpg,8
00364_940422_fa.jpg,11
00364_940422_hr.jpg,9
00364_940422_pr.jpg,8
00365_940422_fa.jpg,9
00365_940422_fb.jpg,4
00365_940422_hl.jpg,9
00365_940422_hr.jpg,9
00366_940422_fa.jpg,2
00366_940422_fb.jpg,2
00366_940422_hl.jpg,5
00366_940422_pr.jpg,8
00367_940422_fa.jpg,11
00367_940422_pr.jpg,8
00368_940422_hl_a.jpg,11
00368_940422_hr_a.jpg,11
00368_940422_pl_a.jpg,4
00368_940422_pr_a.jpg,8
00369_940422_fa.jpg,3
00369_940422_fb.jpg,10
00369_940422_hl.jpg,3
00369_940422_pl.jpg,5
00371_940422_fa.jpg,11
00371_940422_fb_a.jpg,11
00371_940422_hl.jpg,3
00371_940422_hr_a.jpg,8
00371_940422_pl_a.jpg,5
00371_940422_pl.jpg,5
00371_940422_pr_a.jpg,8
00373_940422_fb.jpg,9
00373_940422_hr.jpg,9
00373_940422_pr.jpg,8
00374_940422_hl.jpg,11
00374_940422_pr.jpg,8
00375_940422_fa.jpg,11
00375_940422_fb.jpg,11
00375_940422_hl.jpg,4
00375_940422_hr.jpg,8
00376_940422_fb.jpg,9
00376_940422_hr.jpg,8
00377_940422_fb.jpg,8
00377_940422_hl.jpg,4
00377_940422_hr.jpg,8
00377_940422_pr.jpg,8
00378_940422_fb.jpg,11
00378_940422_hr.jpg,8
00378_940422_pl.jpg,11
00378_940422_pr.jpg,8
00379_940422_hl.jpg,4
00379_940422_hr.jpg,8
00379_940422_pl.jpg,5
00379_940422_pr.jpg,8
00380_940422_fa.jpg,9
00380_940422_fb.jpg,9
00380_940422_pl.jpg,2
00380_940422_pr.jpg,8
00381_940422_fa.jpg,9
00383_941031_fb.jpg,11
00383_941031_re.jpg,8
00384_940422_fa.jpg,11
00384_940422_fb.jpg,11
00384_940422_hr.jpg,8
00384_940422_pl.jpg,5
00384_940422_pr.jpg,8
00385_940422_fa.jpg,9
00385_940422_fb.jpg,9
00385_940422_hr.jpg,9
00385_940422_pr.jpg,8
00386_940422_fa.jpg,11
00386_940422_fb.jpg,11
00386_940422_hl.jpg,5
00386_940422_pr.jpg,8
00387_940422_fb.jpg,11
00387_940422_hl.jpg,4
00387_940422_hr.jpg,8
00387_940422_pl.jpg,5
00388_940422_hl.jpg,2
00388_940422_hr.jpg,8
00388_940422_pl.jpg,5
00390_940422_fa.jpg,9
00390_940422_pl.jpg,5
00390_940422_pr.jpg,8
00391_940422_fb.jpg,10
00392_940422_fb.jpg,9
00392_940422_hl_a.jpg,4
00392_940422_hr_a.jpg,8
00392_940422_pl.jpg,5
00392_940422_pr_a.jpg,8
00393_940422_fa.jpg,3
00393_940422_pl_a.jpg,5
00393_940422_pr.jpg,7
00394_940422_fb.jpg,9
00394_940422_hl.jpg,11
00394_940422_hr.jpg,8
00394_940422_pl.jpg,5
00394_940422_pr.jpg,8
00395_940422_fb.jpg,4
00395_940422_hr.jpg,9
00396_940422_hl.jpg,4
00399_940422_fa.jpg,11
00399_940422_fb.jpg,3
00399_940422_hl.jpg,5
00399_940422_hr.jpg,11
00399_940422_pl.jpg,5
00400_940422_fb.jpg,9
00400_940422_pl.jpg,5
00400_940422_pr.jpg,8
00401_940422_pr.jpg,8
00402_940422_fa.jpg,11
00402_940422_hl.jpg,3
00402_940422_pl.jpg,5
00403_940422_hl.jpg,4
00403_940422_hr.jpg,8
00403_940422_pr.jpg,8
00404_940422_fb.jpg,11
00404_940422_hl.jpg,4
00404_940422_hr.jpg,8
00405_940422_pr.jpg,8
00406_940422_pl.jpg,5
00407_940422_hl.jpg,4
00407_940422_pl.jpg,5
00407_940422_pr.jpg,8
00408_940422_fa.jpg,9
00408_940422_hr.jpg,8
00408_940422_pl.jpg,5
00408_940422_pr.jpg,8
00409_940422_fa.jpg,11
00409_940422_fb.jpg,4
00409_940422_pl.jpg,5
00409_940422_pr.jpg,8
00410_940422_pl.jpg,5
00410_940422_pr.jpg,8
00411_940422_fb.jpg,9
00411_940422_hl.jpg,4
00412_940422_fb.jpg,4
00412_940422_hl.jpg,4
00412_940422_hr.jpg,8
00412_940422_pl.jpg,5
00413_940422_fa.jpg,11
00413_940422_fb.jpg,11
00413_940422_hr.jpg,9
00413_940422_pl.jpg,5
00413_940422_pr.jpg,8
00414_940422_hl.jpg,4
00414_940422_hr.jpg,8
00414_940422_pl_a.jpg,5
00414_940422_pr_a.jpg,8
00415_940422_fa.jpg,11
00415_940422_hl.jpg,4
00415_940422_hr_a.jpg,8
00415_940422_hr.jpg,11
00415_940422_pl.jpg,5
00415_940422_pr.jpg,8
00416_940422_fb.jpg,0
00416_940422_hl.jpg,3
00416_940422_hr.jpg,10
00416_940422_pl.jpg,3
00417_940422_hr.jpg,8
00417_940422_pl.jpg,5
00418_940422_fa.jpg,9
00418_940422_fb.jpg,9
00418_940422_pl.jpg,5
00418_940422_pr.jpg,8
00419_940422_fb.jpg,11
00419_940422_hl.jpg,4
00419_940422_hr.jpg,10
00419_940422_pl.jpg,5
00420_940422_fb.jpg,9
00420_940422_hl.jpg,4
00421_940422_fa.jpg,9
00421_940422_fb.jpg,9
00421_940422_hl.jpg,4
00421_940422_hr.jpg,9
00421_940422_pl.jpg,5
00421_940422_pr.jpg,8
00422_940422_fb.jpg,11
00422_940422_pl.jpg,5
00422_940422_pr.jpg,8
00423_940422_fa.jpg,11
00423_940422_fb.jpg,11
00423_940422_hl.jpg,4
00423_940422_hr.jpg,8
00423_940422_pl.jpg,5
00424_940422_fb.jpg,11
00425_940422_hr.jpg,11
00425_940422_pl.jpg,5
00426_940422_fb.jpg,6
00426_940422_hl.jpg,4
00426_940422_pl.jpg,5
00427_940422_fa.jpg,11
00427_940422_fb.jpg,11
00427_940422_pl.jpg,5
00428_940422_pr.jpg,8
00429_940422_hl.jpg,11
00429_940422_pl_a.jpg,5
00430_940422_hl.jpg,4
00430_940422_hr.jpg,8
00431_940422_fa.jpg,9
00431_940422_hl.jpg,4
00432_940422_fa.jpg,9
00432_940422_pr.jpg,8
00433_940422_fb.jpg,6
00433_940422_pl.jpg,5
00434_940422_fa.jpg,9
00434_940422_hl.jpg,4
00435_940422_pl.jpg,5
00436_940422_fa.jpg,11
00436_940422_hr.jpg,8
00437_940422_fb.jpg,11
00438_940422_fa.jpg,9
00438_940422_fb.jpg,11
00438_940422_hl.jpg,11
00438_940422_pr.jpg,8
00439_940422_fa.jpg,11
00439_940422_hr.jpg,8
00439_940422_pl.jpg,4
00440_940422_fa.jpg,11
00440_940422_hr.jpg,8
00441_940422_fa.jpg,11
00441_940422_fb.jpg,11
00441_940422_hr.jpg,8
00441_940422_pl.jpg,11
00441_940422_pr.jpg,8
00442_940422_hl.jpg,4
00443_940422_fa.jpg,9
00444_940422_fa.jpg,9
00444_940422_hr.jpg,9
00444_940422_pl.jpg,5
00444_940422_pr.jpg,8
00445_940422_fa.jpg,9
00445_940422_fb.jpg,9
00445_940422_hr.jpg,8
00446_940422_fa.jpg,11
00446_940422_pl.jpg,5
00447_940422_fb.jpg,4
00447_940422_pl.jpg,5
00447_940422_pr.jpg,8
00448_940422_fb.jpg,9
00448_940422_hl.jpg,4
00449_940422_fa.jpg,9
00449_940422_hl.jpg,4
00449_940422_pr.jpg,8
00450_940422_hl.jpg,11
00450_940422_hr.jpg,8
00450_940422_pl.jpg,5
00451_940422_fa.jpg,9
00451_940422_hl.jpg,4
00451_940422_hr.jpg,8
00451_940422_pr.jpg,8
00452_940422_fa.jpg,11
00452_940422_fb.jpg,11
00452_940422_hl.jpg,4
00452_940422_hr.jpg,8
00453_940422_fa_a.jpg,11
00453_940422_hr.jpg,11
00454_940422_fb.jpg,9
00454_940422_pl.jpg,5
00455_940422_hl.jpg,4
00455_940422_pl.jpg,5
00456_940422_fb.jpg,9
00456_940422_hl.jpg,9
00456_940422_hr.jpg,8
00456_940422_pl.jpg,5
00457_940422_fa.jpg,9
00457_940422_fb.jpg,9
00457_940422_hl.jpg,4
00457_940422_pl.jpg,5
00457_940422_pr.jpg,8
00458_940422_fa.jpg,11
00458_940422_pl.jpg,5
00460_940422_fb.jpg,11
00460_940422_pr.jpg,8
00461_940422_fa_a.jpg,11
00461_940422_fa.jpg,8
00461_940422_fb_a.jpg,11
00461_940422_hl_a.jpg,4
00461_940422_hr_a.jpg,8
00462_940422_fb.jpg,11
00462_940422_hl_a.jpg,4
00462_940422_hr.jpg,11
00462_940422_pl.jpg,4
00462_940422_pr_a.jpg,11
00465_940519_pl_a.jpg,2
00465_940519_ql_a.jpg,2
00465_940519_qr_a.jpg,10
00465_960627_fb.jpg,7
00465_960627_pr.jpg,7
00465_960627_rd.jpg,7
00466_940519_hl.jpg,2
00466_940519_pr.jpg,7
00466_940519_qr.jpg,7
00467_940519_fb.jpg,11
00467_940519_pr.jpg,11
00467_940519_qr.jpg,11
00468_940519_hl.jpg,3
00468_940519_qr.jpg,10
00468_960530_pr.jpg,0
00469_940519_pl.jpg,2
00470_940519_fb.jpg,2
00470_940519_pl.jpg,2
00470_941201_ql.jpg,4
00471_940519_hl.jpg,4
00471_940519_hr.jpg,11
00471_940519_ql.jpg,4
00472_940519_fb_a.jpg,10
00472_940519_fb.jpg,11
00472_940519_hl_a.jpg,4
00472_940519_hl.jpg,3
00472_960627_pl.jpg,3
00472_960627_rb.jpg,3
00474_940519_hl.jpg,2
00474_960627_pr.jpg,7
00474_960627_ql.jpg,2
00474_960627_ra.jpg,2
00475_940519_hl.jpg,2
00475_940519_hr_a.jpg,7
00475_940519_qr.jpg,7
00476_940519_fb.jpg,10
00476_940519_hr_a.jpg,7
00476_940519_hr.jpg,9
00477_940519_ql_a.jpg,2
00478_940519_fb.jpg,9
00478_940519_hr.jpg,9
00478_940519_pr.jpg,7
00478_940519_ql.jpg,2
00479_940519_pr.jpg,9
00479_940519_qr.jpg,9
00480_940519_fa.jpg,9
00480_940519_hl.jpg,1
00480_940519_hr.jpg,9
00480_940519_pr.jpg,9
00481_940519_fb.jpg,9
00481_940519_hr_a.jpg,9
00481_940519_hr.jpg,9
00481_940519_pl.jpg,2
00482_940519_hl.jpg,9
00482_940519_pr.jpg,8
00482_940519_ql.jpg,9
00482_940519_qr.jpg,9
00483_940519_hl.jpg,2
00483_940519_hr.jpg,7
00483_940519_pl.jpg,2
00483_940519_ql.jpg,2
00484_940519_hl.jpg,4
00484_940519_pl.jpg,4
00484_940519_pr.jpg,4
00485_940519_fa_a.jpg,9
00485_940519_hl_a.jpg,4
00486_940519_fa.jpg,10
00486_940519_fb_a.jpg,10
00486_940519_ql.jpg,4
00486_940519_qr.jpg,10
00487_940519_fb.jpg,9
00487_940519_hl.jpg,2
00487_940519_hr.jpg,9
00487_940519_pr.jpg,7
00487_940519_ql.jpg,2
00488_940519_pl.jpg,4
00489_940519_fa.jpg,9
00489_940519_pr.jpg,8
00490_940519_hl.jpg,2
00490_940519_ql.jpg,10
00492_940519_hl.jpg,2
00492_940519_hr_a.jpg,7
00492_940519_pl_a.jpg,2
00492_940519_pr_a.jpg,7
00493_940519_fb.jpg,3
00493_940519_ql.jpg,4
00493_940519_qr.jpg,7
00494_940519_fb.jpg,10
00494_940519_ql.jpg,4
00495_940519_hl.jpg,2
00495_940519_hr_a.jpg,7
00495_940519_ql.jpg,2
00496_940519_fb.jpg,10
00496_940519_ql.jpg,2
00496_940519_qr.jpg,7
00497_940519_fa.jpg,10
00498_940519_pr.jpg,10
00498_960627_hr.jpg,8
00498_960627_pr.jpg,8
00499_940519_fa.jpg,10
00499_940519_hr.jpg,10
00499_940519_pr.jpg,10
00500_960627_pl.jpg,2
00500_960627_rb.jpg,2
00501_940519_hl.jpg,2
00501_940519_qr.jpg,10
00501_960627_ql.jpg,3
00501_960627_re.jpg,0
00502_940519_fa.jpg,4
00502_940519_fb_a.jpg,4
00502_940519_fb.jpg,4
00502_940519_hl_a.jpg,4
00502_940519_hl.jpg,4
00502_940519_pl.jpg,4
00502_940519_pr_a.jpg,9
00503_940519_hl_a.jpg,2
00503_940519_hl.jpg,2
00503_940519_pl_a.jpg,2
00503_940519_pl.jpg,2
00503_940519_ql.jpg,2
00504_940519_fb.jpg,9
00504_940519_hl.jpg,4
00504_940519_pl.jpg,4
00504_940519_pr.jpg,9
00504_940519_ql.jpg,4
00505_940519_ql.jpg,2
00505_960627_hr.jpg,8
00505_960627_qr.jpg,7
00505_960627_ra.jpg,4
00506_940519_fb.jpg,9
00506_940519_pr_a.jpg,9
00507_940519_fa_a.jpg,7
00507_940519_fa.jpg,2
00507_940519_hl.jpg,2
00507_940519_hr_a.jpg,9
00507_940519_pl.jpg,5
00507_940519_pr.jpg,8
00507_940519_ql_a.jpg,2
00508_940519_fa.jpg,11
00508_940519_hr.jpg,10
00508_940519_ql.jpg,4
00508_960627_fb.jpg,10
00508_960627_pl.jpg,2
00508_960627_pr.jpg,7
00509_940519_fa.jpg,10
00509_940519_hl_a.jpg,3
00509_940519_pl_a.jpg,3
00509_940519_pr_a.jpg,0
00510_940519_hl.jpg,4
00510_940519_hr.jpg,10
00510_940519_pl.jpg,4
00510_940519_pr.jpg,8
00511_940519_fb.jpg,10
00511_940519_hr.jpg,10
00511_940519_pr.jpg,7
00511_940519_qr.jpg,7
00512_940519_pr.jpg,10
00513_940519_hl_a.jpg,2
00513_940519_hl.jpg,2
00513_940519_pr.jpg,7
00514_940519_fa.jpg,10
00514_940519_hr_a.jpg,10
00514_940519_pl_a.jpg,2
00515_940519_qr.jpg,10
00516_940519_pl.jpg,3
00516_940519_qr.jpg,0
00517_940519_fa_a.jpg,0
00517_940519_hl.jpg,4
00517_940519_pr_a.jpg,9
00519_940519_hr.jpg,10
00519_940519_ql_a.jpg,2
00520_940519_hl_a.jpg,4
00520_940519_hl.jpg,4
00520_940519_hr.jpg,7
00520_940519_pl.jpg,4
00520_940519_pr_a.jpg,9
00520_940519_ql_a.jpg,4
00520_940519_ql.jpg,4
00520_940519_qr.jpg,10
00521_940519_fb.jpg,10
00521_940519_hl_a.jpg,2
00521_940519_hr.jpg,7
00521_940519_pl_a.jpg,2
00521_940519_pl.jpg,2
00522_960627_rc.jpg,7
00523_940519_fb.jpg,10
00523_940519_pr_a.jpg,7
00524_940519_hl.jpg,4
00524_940519_pr.jpg,9
00525_940519_fb.jpg,9
00525_940519_pr.jpg,9
00525_940519_ql.jpg,9
00525_940519_qr.jpg,9
00526_940519_fb.jpg,10
00526_940519_hr.jpg,7
00526_940519_qr.jpg,10
00527_940519_fa.jpg,10
00527_940519_hl.jpg,2
00527_940519_hr.jpg,10
00528_940519_fb.jpg,4
00528_940519_hr.jpg,10
00528_940519_pr.jpg,9
00530_940519_hr.jpg,9
00530_940519_pl.jpg,2
00530_940519_ql.jpg,2
00530_940519_qr.jpg,10
00531_940519_fa.jpg,3
00531_940519_hl_a.jpg,3
00531_940519_hl.jpg,3
00531_940519_hr.jpg,0
00531_940519_pl.jpg,3
00531_960627_pl.jpg,2
00531_960627_ra.jpg,2
00532_940519_fb.jpg,10
00532_940519_pr.jpg,7
00533_960627_fa.jpg,2
00533_960627_hl.jpg,2
00533_960627_rd.jpg,7
00534_940519_fa.jpg,10
00534_940519_fb.jpg,10
00534_940519_pl_a.jpg,4
00534_940519_pl.jpg,2
00534_940519_pr_a.jpg,7
00535_940519_fa_a.jpg,0
00535_940519_fa.jpg,10
00535_940519_hl.jpg,3
00535_940519_pr_a.jpg,7
00535_940519_ql_a.jpg,2
00535_940519_qr.jpg,0
00536_940519_fa.jpg,10
00536_940519_hl.jpg,2
00536_940519_pl.jpg,2
00536_940519_pr.jpg,7
00536_940519_ql.jpg,10
00537_940519_hl_a.jpg,4
00538_940519_fa.jpg,10
00538_940519_hl_a.jpg,4
00538_940519_hr_a.jpg,7
00538_940519_pr.jpg,10
00538_940519_ql_a.jpg,10
00539_940519_fa.jpg,10
00539_940519_fb.jpg,10
00539_940519_hl.jpg,2
00539_940519_hr.jpg,10
00539_940519_pr.jpg,7
00539_940519_ql.jpg,2
00540_940519_hl.jpg,3
00541_940519_hl.jpg,4
00541_940519_pr.jpg,8
00543_940519_pl.jpg,4
00543_960627_pr.jpg,7
00544_940519_fa_a.jpg,10
00544_940519_hl_a.jpg,2
00544_940519_ql.jpg,2
00545_940519_fa_a.jpg,10
00545_940519_hl.jpg,10
00545_940519_hr_a.jpg,10
00545_940519_ql_a.jpg,10
00545_940519_qr.jpg,7
00546_940519_fb.jpg,10
00547_940519_fa_b.jpg,11
00547_940519_hl_a.jpg,10
00547_940519_hl_b.jpg,10
00547_940519_hr_c.jpg,10
00547_940519_ql_b.jpg,10
00547_940519_qr_a.jpg,10
00548_940519_fa_a.jpg,9
00548_940519_fa.jpg,9
00548_940519_fb.jpg,9
00549_940519_pl_a.jpg,11
00549_940519_ql.jpg,11
00549_940519_qr_a.jpg,11
00549_940519_qr.jpg,11
00550_940519_hr.jpg,10
00550_940519_pl.jpg,10
00550_940519_pr.jpg,10
00550_940519_qr.jpg,10
00551_940519_hr.jpg,10
00551_940519_pl.jpg,10
00551_940519_pr.jpg,10
00551_940519_ql.jpg,10
00551_940519_qr.jpg,10
00552_940519_fb.jpg,11
00553_940519_fa_a.jpg,10
00553_940519_fb_a.jpg,10
00553_940519_hr_a.jpg,10
00553_940519_qr.jpg,10
00554_940519_fa.jpg,10
00554_940519_hl.jpg,3
00554_940519_hr.jpg,10
00554_940519_pl.jpg,10
00554_940519_pr.jpg,10
00555_940519_fb.jpg,9
00555_940519_pl.jpg,10
00555_940519_pr.jpg,8
00556_940519_fa_a.jpg,7
00556_940519_hl_b.jpg,4
00557_940519_fb.jpg,10
00557_940519_ql.jpg,3
00557_940519_qr.jpg,7
00558_940519_hr.jpg,0
00558_940519_pl.jpg,0
00558_940519_pr.jpg,0
00559_940519_pl.jpg,4
00559_940519_qr.jpg,9
00560_940519_hl.jpg,2
00560_940519_pl.jpg,5
00560_940519_qr.jpg,7
00561_940519_fa.jpg,10
00561_940519_fb_a.jpg,10
00561_940519_fb.jpg,10
00561_940519_hl.jpg,2
00561_940519_pl.jpg,2
00561_940519_pr.jpg,2
00561_940519_ql.jpg,4
00562_940928_hl.jpg,3
00562_940928_qr.jpg,11
00562_941031_rb.jpg,3
00563_940928_fa.jpg,3
00563_940928_fb.jpg,3
00563_940928_hl.jpg,3
00563_940928_ql.jpg,3
00563_940928_qr.jpg,11
00564_941031_hl.jpg,4
00564_941031_ra.jpg,11
00565_940928_pr.jpg,0
00565_940928_ql.jpg,3
00565_941121_hr.jpg,9
00566_940928_fb.jpg,3
00566_940928_pl.jpg,3
00566_940928_rd.jpg,3
00566_941121_pl.jpg,4
00566_941121_rd.jpg,10
00567_940928_fb.jpg,3
00567_940928_hl.jpg,3
00567_940928_hr.jpg,3
00567_940928_pr.jpg,10
00567_940928_ql.jpg,3
00567_940928_ra.jpg,3
00568_940928_fa.jpg,9
00568_940928_fb.jpg,9
00568_940928_pl.jpg,4
00568_941031_ql.jpg,9
00568_941031_rc.jpg,9
00568_941031_re.jpg,11
00569_940928_pr.jpg,8
00569_940928_ql.jpg,4
00569_940928_ra.jpg,4
00569_940928_rb.jpg,4
00570_940928_fa_a.jpg,2
00570_940928_pl.jpg,2
00570_940928_qr_a.jpg,7
00570_940928_rb.jpg,3
00570_940928_rc.jpg,3
00571_940928_fb.jpg,9
00571_940928_hr.jpg,9
00571_940928_pl.jpg,4
00571_940928_pr.jpg,9
00571_940928_ql.jpg,4
00571_940928_rc.jpg,9
00572_940928_ql.jpg,3
00572_940928_rb.jpg,3
00573_940928_fb.jpg,3
00573_940928_hl.jpg,3
00573_940928_pl.jpg,3
00573_940928_ql.jpg,3
00573_940928_rb.jpg,3
00573_940928_rc.jpg,3
00575_940928_fa.jpg,10
00575_940928_fb.jpg,10
00575_940928_pr.jpg,7
00575_940928_rc.jpg,10
00576_940928_fa.jpg,9
00576_940928_pl.jpg,5
00576_940928_qr.jpg,9
00578_940928_fb.jpg,10
00578_940928_pl.jpg,4
00578_940928_pr.jpg,8
00578_940928_qr.jpg,10
00578_940928_ra.jpg,10
00578_940928_rb.jpg,10
00579_940928_fa.jpg,9
00579_940928_pl.jpg,4
00579_940928_rd.jpg,8
00579_941031_fa.jpg,0
00579_941031_fb.jpg,0
00579_941031_re.jpg,0
00580_940928_fa.jpg,10
00580_940928_hl.jpg,5
00580_940928_rc.jpg,10
00581_940928_hl.jpg,4
00581_940928_pl.jpg,4
00582_940928_fa.jpg,8
00582_940928_hl.jpg,4
00582_940928_hr.jpg,8
00582_940928_qr.jpg,11
00582_940928_rd.jpg,11
00582_940928_re.jpg,9
00583_940928_hl.jpg,5
00583_940928_pl.jpg,5
00583_940928_ql.jpg,10
00583_940928_ra.jpg,10
00583_940928_rb.jpg,3
00584_940928_fb.jpg,10
00584_940928_ql.jpg,4
00584_941031_fb.jpg,11
00584_941031_ql.jpg,11
00584_941031_qr.jpg,11
00584_941031_ra.jpg,11
00585_940928_fb.jpg,4
00585_940928_hr.jpg,7
00585_940928_pl.jpg,2
00585_940928_qr.jpg,10
00586_940928_pr.jpg,9
00586_940928_re.jpg,11
00587_940928_fa.jpg,11
00587_940928_hl.jpg,4
00587_940928_hr.jpg,11
00587_940928_pl.jpg,4
00588_940307_pr.jpg,1
00588_940928_pl.jpg,5
00590_940928_fb.jpg,10
00590_940928_hl.jpg,2
00590_940928_pr.jpg,7
00590_940928_qr.jpg,10
00591_940928_hl.jpg,10
00591_940928_hr.jpg,10
00591_940928_pr.jpg,10
00591_940928_ql.jpg,3
00591_940928_qr.jpg,10
00591_940928_rb.jpg,4
00592_940928_fa.jpg,10
00592_940928_fb.jpg,3
00592_940928_pl.jpg,4
00592_940928_ql.jpg,3
00593_940928_qr.jpg,10
00593_940928_rb.jpg,3
00593_941031_hl.jpg,11
00594_940928_fb.jpg,10
00594_941121_qr.jpg,7
00595_940928_fa.jpg,10
00595_940928_pl.jpg,5
00595_940928_ql.jpg,5
00595_940928_qr.jpg,10
00595_940928_rc.jpg,10
00595_940928_re.jpg,10
00596_940928_hl.jpg,5
00596_940928_rd.jpg,10
00596_941121_ql.jpg,4
00596_941121_re.jpg,7
00597_940928_pr.jpg,10
00597_940928_rb.jpg,3
00597_941031_hl.jpg,10
00597_941031_pl.jpg,7
00599_940928_fa.jpg,3
00599_940928_fb.jpg,4
00599_940928_pr.jpg,9
00599_940928_ql.jpg,4
00599_940928_qr.jpg,9
00599_940928_ra.jpg,4
00600_940928_pr.jpg,8
00600_940928_ql.jpg,3
00601_940928_hl.jpg,3
00602_940928_fa.jpg,10
00602_940928_hr.jpg,10
00602_940928_pr.jpg,10
00603_940928_fb.jpg,3
00603_940928_pl.jpg,4
00603_940928_ql.jpg,5
00603_940928_rb.jpg,4
00605_940928_hr.jpg,8
00605_941031_fa.jpg,11
00605_941031_ql.jpg,11
00605_941031_qr.jpg,11
00605_941031_rb.jpg,11
00605_941031_rc.jpg,11
00606_940928_fa.jpg,9
00606_940928_pl.jpg,4
00606_940928_pr.jpg,8
00606_940928_qr.jpg,9
00606_940928_rd.jpg,9
00607_940928_fb.jpg,4
00607_940928_qr.jpg,9
00608_940928_fb.jpg,10
00609_940928_hr.jpg,9
00609_940928_qr.jpg,9
00609_940928_ra.jpg,4
00609_940928_rb.jpg,4
00610_940928_pl.jpg,3
00611_940928_pl.jpg,4
00611_940928_pr.jpg,10
00611_940928_ra.jpg,4
00612_940928_hl.jpg,5
00612_940928_pl.jpg,2
00612_940928_pr.jpg,7
00612_940928_ql.jpg,2
00612_940928_rd.jpg,10
00612_940928_re.jpg,7
00613_940928_hl.jpg,3
00614_941031_fb.jpg,11
00614_941031_ql.jpg,3
00614_941031_rc.jpg,11
00615_940928_fb.jpg,10
00616_940928_hl.jpg,5
00616_940928_qr.jpg,7
00616_941031_hl.jpg,11
00616_941031_hr.jpg,11
00616_941031_rb.jpg,11
00617_940928_fa.jpg,3
00617_940928_ql.jpg,3
00617_940928_rd.jpg,10
00618_940928_fa.jpg,10
00618_940928_rc.jpg,10
00618_941031_fb.jpg,11
00618_941031_pr.jpg,11
00618_941031_re.jpg,11
00619_940928_fb.jpg,4
00619_940928_pr.jpg,9
00619_940928_qr.jpg,9
00619_940928_rd.jpg,8
00620_940928_pl.jpg,3
00620_940928_ra.jpg,11
00620_940928_rc.jpg,11
00621_940928_fb.jpg,3
00621_940928_hl.jpg,3
00621_940928_hr.jpg,0
00621_941121_fa.jpg,11
00621_941121_pl.jpg,10
00621_941121_qr.jpg,10
00622_940928_qr.jpg,0
00622_940928_rd.jpg,3
00622_941121_hr.jpg,7
00622_941121_pl.jpg,2
00623_940928_fa.jpg,10
00623_940928_fb.jpg,10
00623_940928_hl.jpg,5
00623_940928_pr.jpg,10
00623_940928_rb.jpg,4
00623_940928_rc.jpg,10
00624_940928_fa.jpg,11
00624_940928_hl.jpg,3
00624_940928_pl.jpg,3
00624_940928_pr.jpg,11
00625_940928_hl.jpg,3
00625_940928_ql.jpg,3
00625_940928_rb.jpg,3
00626_940928_ql.jpg,2
00626_940928_re.jpg,7
00626_941031_pr.jpg,9
00627_940928_ql.jpg,2
00627_940928_ra.jpg,2
00627_941031_pl.jpg,10
00627_941031_ql.jpg,10
00627_941031_rc.jpg,11
00628_940928_fb.jpg,3
00628_940928_hl.jpg,3
00628_940928_hr.jpg,0
00628_940928_pr.jpg,0
00628_940928_ql.jpg,3
00628_940928_rc.jpg,3
00629_940928_fb.jpg,10
00629_940928_pl.jpg,3
00629_940928_qr.jpg,10
00629_940928_rc.jpg,10
00630_940928_ql.jpg,3
00630_941121_fb.jpg,1
00631_940928_fa.jpg,10
00631_940928_fb.jpg,3
00631_940928_rb.jpg,3
00632_940928_fa.jpg,3
00632_940928_pl.jpg,4
00632_940928_pr.jpg,9
00633_940928_pl.jpg,4
00633_940928_pr.jpg,7
00634_940928_hr.jpg,8
00634_940928_pl.jpg,3
00634_940928_pr.jpg,8
00634_940928_qr.jpg,9
00635_941031_fa.jpg,11
00635_941031_hl.jpg,11
00635_941031_rd.jpg,9
00636_941031_fb.jpg,0
00636_941031_hl.jpg,3
00636_941031_ql.jpg,0
00636_941031_rb.jpg,0
00636_941031_rc.jpg,0
00637_941031_fa.jpg,0
00637_941031_rb.jpg,0
00638_941031_fa.jpg,11
00638_941121_fa.jpg,9
00638_941121_ql.jpg,4
00639_941031_fa.jpg,11
00639_941031_fb.jpg,11
00639_941031_hl.jpg,11
00639_941031_pl.jpg,11
00639_941031_pr.jpg,11
00639_941031_qr.jpg,11
00639_941031_rc.jpg,11
00640_941031_fa.jpg,10
00640_941031_hl.jpg,10
00640_941031_pl.jpg,10
00640_941031_ql.jpg,10
00640_941031_qr.jpg,10
00640_941031_rd.jpg,10
00641_941031_re.jpg,10
00642_941121_pl.jpg,4
00642_941121_pr.jpg,7
00642_941121_ql.jpg,4
00642_941121_ra.jpg,4
00642_941121_rc.jpg,4
00643_941031_hr.jpg,10
00643_941031_pl.jpg,10
00643_941031_pr.jpg,10
00643_941031_qr.jpg,11
00643_941031_rc.jpg,11
00644_941031_fb.jpg,11
00644_941031_pl.jpg,11
00645_941031_hr.jpg,10
00645_941031_ql.jpg,10
00646_941031_fb.jpg,10
00646_941031_hl.jpg,10
00646_941031_hr.jpg,10
00646_941031_pl.jpg,10
00646_941031_ql.jpg,10
00646_941031_re.jpg,2
00647_941031_hr.jpg,8
00647_941031_ra.jpg,9
00648_941031_hl.jpg,4
00648_941031_pr.jpg,9
00648_941031_rc.jpg,9
00648_941121_pr.jpg,7
00648_941121_rd.jpg,7
00650_941031_hr.jpg,9
00652_941031_pr.jpg,11
00652_941031_rc.jpg,11
00653_941031_hl.jpg,11
00653_941031_rb.jpg,11
00654_941031_hl.jpg,3
00654_941031_hr.jpg,11
00654_941031_ql.jpg,3
00654_941031_qr.jpg,11
00654_941031_rc.jpg,11
00654_941031_re.jpg,0
00655_941031_fb.jpg,11
00655_941031_hl.jpg,4
00655_941031_pl.jpg,4
00655_941031_ql.jpg,4
00655_941031_rd.jpg,9
00656_941121_fa.jpg,10
00656_941121_ra.jpg,2
00657_941121_fa.jpg,7
00657_941121_fb.jpg,2
00657_941121_hr.jpg,7
00657_941121_rd.jpg,7
00658_941121_fb.jpg,2
00658_941121_hl.jpg,2
00659_941121_pl.jpg,2
00659_941121_ql.jpg,2
00660_941121_qr.jpg,7
00660_960530_re.jpg,0
00661_941121_rd.jpg,1
00661_941121_re.jpg,1
00662_941121_fa.jpg,9
00662_941121_hr.jpg,9
00662_941121_pl.jpg,4
00662_941121_re.jpg,9
00663_941121_fb.jpg,9
00663_941121_hl.jpg,2
00663_941121_pl.jpg,2
00663_941121_pr.jpg,8
00663_941121_ql.jpg,2
00663_941121_rc.jpg,9
00664_941121_qr.jpg,10
00664_941121_rc.jpg,10
00665_941121_hl.jpg,2
00665_941121_hr.jpg,7
00666_941121_pl.jpg,4
00667_941121_hr.jpg,7
00667_941121_pl.jpg,2
00667_941121_qr.jpg,7
00667_941121_ra.jpg,2
00668_941121_fa.jpg,10
00668_941121_hl.jpg,4
00668_941121_ra.jpg,4
00669_940307_hl.jpg,1
00669_940307_pr_a.jpg,1
00669_941121_rb.jpg,10
00670_941121_fb.jpg,9
00670_941121_ql.jpg,4
00671_941121_fa.jpg,9
00671_941121_fb.jpg,9
00671_941121_hl.jpg,1
00671_941121_pl.jpg,4
00671_941121_pr.jpg,7
00671_941121_qr.jpg,1
00671_941121_re.jpg,7
00672_941121_hl.jpg,3
00672_941121_pr.jpg,3
00672_941121_qr.jpg,0
00672_941121_rc.jpg,0
00672_941121_rd.jpg,7
00673_941121_pr.jpg,7
00673_941121_ql.jpg,2
00673_941121_qr.jpg,7
00673_941121_rc.jpg,0
00674_941121_pl.jpg,2
00674_941121_pr.jpg,7
00674_941121_ql.jpg,2
00674_941121_ra.jpg,2
00674_941121_rc.jpg,7
00675_941121_fb.jpg,9
00675_941121_hr.jpg,8
00675_941121_pr.jpg,7
00675_941121_qr.jpg,9
00675_941121_rd.jpg,9
00676_941121_hl.jpg,2
00676_941121_hr.jpg,7
00676_941121_pl.jpg,5
00676_941121_qr.jpg,7
00677_941121_fa.jpg,10
00677_941121_fb.jpg,10
00677_941121_pl.jpg,2
00677_941121_pr.jpg,7
00677_941121_ra.jpg,2
00678_941121_hr.jpg,7
00678_941121_pl.jpg,4
00678_941121_ql.jpg,4
00678_941121_qr.jpg,7
00678_941121_rc.jpg,7
00678_941121_re.jpg,7
00679_941121_rb.jpg,10
00680_941121_fb.jpg,4
00680_941121_hl.jpg,2
00680_941121_pr.jpg,7
00680_941121_rc.jpg,7
00680_941121_rd.jpg,7
00680_941121_re.jpg,7
00681_941121_fb.jpg,9
00681_941121_hr.jpg,9
00681_941121_pl.jpg,4
00681_941121_pr.jpg,9
00681_941121_ra.jpg,4
00682_941121_hl.jpg,4
00682_941121_pl.jpg,4
00682_941121_pr.jpg,8
00682_941121_ra.jpg,4
00683_941121_fb.jpg,2
00683_941121_pr.jpg,7
00683_941121_rd.jpg,7
00684_941121_fa.jpg,10
00684_941121_hl.jpg,4
00684_941121_hr.jpg,9
00684_941121_pr.jpg,7
00684_941121_ql.jpg,4
00684_941121_qr.jpg,9
00684_941121_ra.jpg,4
00684_941121_rb.jpg,4
00685_941121_fb.jpg,9
00685_941121_hl.jpg,4
00685_941121_hr.jpg,7
00685_941121_pl.jpg,4
00685_941121_ql.jpg,4
00686_941121_pr.jpg,7
00686_941121_ql.jpg,4
00686_941121_rc.jpg,7
00687_941121_hr.jpg,8
00687_941121_pr.jpg,8
00687_941121_ql.jpg,10
00687_941121_qr.jpg,8
00687_941121_ra.jpg,10
00687_941121_rb.jpg,10
00688_941121_hr.jpg,7
00688_941121_rd.jpg,7
00689_941121_qr.jpg,9
00690_941121_fa.jpg,7
00690_941121_hr.jpg,7
00690_941121_rc.jpg,7
00690_941121_rd.jpg,7
00690_941121_re.jpg,7
00691_941121_pl.jpg,2
00692_941121_ql.jpg,11
00693_941121_pl.jpg,2
00693_941121_pr.jpg,7
00693_941121_ql.jpg,2
00693_941121_rb.jpg,2
00694_941121_qr.jpg,9
00695_941121_fa.jpg,10
00695_941121_fb.jpg,10
00695_941121_hl.jpg,4
00695_941121_hr.jpg,10
00695_941121_ql.jpg,10
00695_941121_ra.jpg,10
00695_941121_rb.jpg,10
00697_941121_pl.jpg,4
00697_941121_qr.jpg,7
00697_941121_rb.jpg,4
00698_941121_fa.jpg,10
00698_941121_pr.jpg,7
00700_941121_fa.jpg,9
00700_941121_pl.jpg,5
00700_941121_ql.jpg,2
00700_941121_rc.jpg,9
00701_941201_re.jpg,7
00703_941201_re.jpg,7
00703_941205_fa.jpg,9
00703_941205_pl.jpg,4
00703_941205_rc.jpg,7
00703_941205_rd.jpg,7
00704_941201_hl.jpg,2
00705_941201_rc.jpg,7
00705_941205_pr.jpg,9
00705_960530_pl.jpg,3
00705_960530_ql.jpg,0
00705_960530_ra.jpg,3
00705_960620_fa.jpg,0
00705_960620_pl.jpg,3
00706_941201_ql.jpg,2
00706_941205_qr.jpg,10
00706_960620_rb.jpg,3
00707_941201_hl.jpg,2
00707_941201_pl.jpg,2
00707_941201_ql.jpg,2
00707_941205_hl.jpg,2
00707_941205_pl.jpg,2
00708_941201_hr.jpg,7
00708_941205_fb.jpg,11
00708_941205_ra.jpg,9
00708_941205_rb.jpg,11
00709_941201_pr.jpg,1
00709_960530_fb.jpg,11
00709_960530_hr.jpg,8
00709_960530_pl.jpg,3
00710_941201_fa.jpg,1
00710_941201_hl.jpg,2
00710_941201_hr.jpg,7
00710_941201_pl.jpg,2
00710_960530_hr.jpg,0
00710_960530_qr.jpg,0
00710_960620_hl.jpg,3
00710_960620_pr.jpg,0
00711_941201_hr.jpg,7
00711_941205_pr.jpg,7
00711_941205_rb.jpg,10
00711_960530_fa.jpg,11
00711_960530_hr.jpg,0
00711_960530_pr.jpg,0
00711_960620_hl.jpg,3
00711_960620_qr.jpg,0
00711_960620_re.jpg,0
00712_941201_hr.jpg,7
00712_941201_pr.jpg,7
00712_941201_qr.jpg,7
00712_941201_rb.jpg,1
00712_941205_fb.jpg,7
00712_941205_hl.jpg,2
00712_941205_pl.jpg,2
00712_941205_qr.jpg,7
00712_941205_rc.jpg,7
00713_941201_hr.jpg,7
00713_941201_pl.jpg,4
00713_941205_pr.jpg,9
00713_941205_qr.jpg,9
00714_941201_ra.jpg,2
00714_960530_hr.jpg,0
00714_960620_pr.jpg,0
00714_960620_qr.jpg,3
00715_941205_fb.jpg,7
00715_941205_hl.jpg,2
00716_941201_fb.jpg,10
00716_941201_hl.jpg,2
00716_941201_ql.jpg,3
00716_941201_qr.jpg,10
00716_941201_rc.jpg,10
00716_941205_pr.jpg,0
00716_941205_ql.jpg,11
00716_941205_rd.jpg,0
00717_941205_rc.jpg,2
00718_941201_fa.jpg,1
00718_941201_hr.jpg,7
00718_941201_pr.jpg,7
00718_941201_ra.jpg,2
00718_941205_fb.jpg,10
00718_941205_rb.jpg,10
00719_941201_fb.jpg,1
00719_941201_hl.jpg,2
00719_941201_rc.jpg,1
00719_960620_hl.jpg,3
00719_960620_hr.jpg,0
00719_960620_pl.jpg,3
00719_960620_ql.jpg,3
00719_960620_qr.jpg,0
00719_960620_re.jpg,0
00720_941205_qr.jpg,0
00721_941201_rd.jpg,7
00721_941205_hr.jpg,7
00721_941205_pl.jpg,2
00722_941201_fa.jpg,10
00722_960627_fa.jpg,7
00722_960627_ql.jpg,2
00723_941201_fa.jpg,7
00723_941201_fb.jpg,4
00723_941201_hl.jpg,4
00723_941201_pl.jpg,4
00723_941201_pr.jpg,7
00723_941201_ql.jpg,4
00723_941201_rc.jpg,7
00724_941201_fa.jpg,10
00724_941201_fb.jpg,4
00724_941201_re.jpg,7
00724_960530_pr.jpg,0
00724_960530_ql.jpg,3
00725_941201_pr.jpg,7
00725_941201_rc.jpg,1
00725_941205_hl.jpg,2
00725_941205_pr.jpg,7
00725_941205_ql.jpg,4
00726_941201_fa.jpg,10
00726_941201_ql.jpg,10
00727_941201_ra.jpg,4
00727_941205_fb.jpg,9
00727_941205_hl.jpg,4
00727_941205_pr.jpg,9
00728_941201_fa.jpg,1
00728_941201_hl.jpg,2
00728_941201_qr.jpg,1
00728_941205_hl.jpg,2
00728_941205_pl.jpg,2
00728_941205_ra.jpg,2
00729_941201_fa.jpg,4
00729_941201_pl.jpg,4
00729_941201_ra.jpg,4
00729_941201_rb.jpg,4
00729_941205_hr.jpg,7
00729_941205_pl.jpg,4
00729_941205_qr.jpg,10
00729_941205_rb.jpg,10
00730_941201_ra.jpg,1
00730_960530_hr.jpg,0
00730_960530_pl.jpg,5
00730_960530_ql.jpg,4
00730_960530_rd.jpg,0
00730_960530_re.jpg,0
00730_960620_hr.jpg,8
00730_960620_ra.jpg,3
00731_941201_fa.jpg,9
00731_941201_hl.jpg,4
00731_941201_qr.jpg,7
00731_941201_rc.jpg,7
00732_941201_rb.jpg,2
00732_941205_fa.jpg,10
00732_941205_pr.jpg,7
00732_941205_ra.jpg,2
00732_960530_fb.jpg,3
00732_960530_ql_a.jpg,3
00732_960620_qr.jpg,0
00732_960627_rb.jpg,2
00733_941201_hl.jpg,2
00733_941201_hr.jpg,7
00734_941201_hr.jpg,7
00734_941201_pr.jpg,7
00734_941201_ql.jpg,10
00734_941201_qr.jpg,10
00735_941201_fa.jpg,7
00735_941201_qr.jpg,7
00736_941201_ra.jpg,4
00737_941201_fb.jpg,10
00737_941201_rd.jpg,7
00737_960530_hr.jpg,0
00737_960620_rb.jpg,3
00738_941201_fb.jpg,7
00738_941201_hr.jpg,7
00738_941201_pl.jpg,2
00738_941201_pr.jpg,7
00738_941201_qr.jpg,7
00738_941201_rb.jpg,2
00739_941201_fb.jpg,7
00739_941201_hl.jpg,4
00739_941201_ql.jpg,4
00739_941205_fa.jpg,11
00740_941201_fb.jpg,10
00740_941205_hr.jpg,10
00740_941205_pl.jpg,2
00740_941205_pr.jpg,7
00741_941201_fa.jpg,7
00741_941201_pr.jpg,7
00741_941201_rd.jpg,7
00742_941201_fa.jpg,9
00742_941201_hr.jpg,8
00742_941201_re.jpg,8
00743_941201_hl.jpg,2
00743_941201_ra.jpg,2
00743_960530_fb.jpg,10
00743_960530_hr.jpg,0
00743_960530_pr.jpg,0
00744_941201_ql.jpg,10
00744_941201_qr.jpg,7
00745_941201_fb.jpg,9
00745_941205_fa.jpg,10
00745_941205_fb.jpg,10
00746_941201_qr.jpg,11
00746_941201_ra.jpg,4
00746_941205_hl.jpg,4
00746_941205_rd.jpg,11
00747_941201_rc.jpg,10
00747_941205_hr.jpg,10
00749_941201_hl.jpg,4
00749_941201_pr.jpg,7
00749_941201_ra.jpg,10
00750_941201_fb.jpg,10
00750_941201_ql.jpg,10
00750_941201_qr.jpg,7
00750_941205_ql.jpg,10
00750_960530_hr.jpg,0
00750_960530_rd.jpg,0
00751_941201_fa.jpg,10
00751_941205_pr.jpg,10
00751_941205_rc.jpg,10
00751_960530_ql.jpg,10
00751_960530_qr.jpg,0
00752_941205_rd.jpg,7
00752_960620_fa.jpg,0
00753_941201_hr.jpg,7
00753_941201_ql.jpg,10
00753_941201_re.jpg,7
00754_941201_fa.jpg,11
00754_941201_fb.jpg,11
00754_941201_hl.jpg,4
00754_941201_hr.jpg,9
00754_941201_ql.jpg,11
00754_941201_qr.jpg,9
00754_941201_ra.jpg,4
00755_941201_fa.jpg,10
00755_941201_rd.jpg,7
00755_941201_re.jpg,7
00757_941201_pl.jpg,2
00757_941201_ql.jpg,10
00758_941201_fb.jpg,11
00758_941201_pr.jpg,9
00758_960530_pr.jpg,0
00758_960530_rd.jpg,0
00760_941201_pl.jpg,3
00760_960530_rd.jpg,0
00761_960530_hl.jpg,3
00761_960530_pr.jpg,0
00761_960620_fa.jpg,3
00761_960620_pl.jpg,3
00761_960620_ql.jpg,3
00761_960620_rb.jpg,3
00761_960620_rc.jpg,3
00761_960627_hl.jpg,2
00762_941205_hr.jpg,8
00763_941201_fa.jpg,0
00763_941205_hl.jpg,2
00763_960530_fa.jpg,11
00763_960530_re.jpg,0
00764_941201_fb.jpg,11
00764_941201_hl.jpg,4
00764_941201_ql.jpg,11
00764_941201_rc.jpg,11
00764_941201_re.jpg,9
00764_941205_hl.jpg,4
00764_941205_hr.jpg,7
00764_941205_ql.jpg,10
00764_941205_qr.jpg,7
00765_941201_fa.jpg,10
00765_941201_hl.jpg,4
00765_941201_ql.jpg,4
00765_941201_ra.jpg,10
00766_941201_hl.jpg,4
00766_960530_pr.jpg,0
00766_960530_ql.jpg,3
00767_960530_ra.jpg,3
00768_941201_hl.jpg,2
00768_941201_pl.jpg,2
00768_941201_rc.jpg,7
00768_941205_fa.jpg,10
00768_941205_ql.jpg,10
00768_960530_hr.jpg,0
00768_960530_qr.jpg,0
00769_941201_pl.jpg,5
00769_941201_ra.jpg,5
00769_941205_pl.jpg,2
00770_941201_qr.jpg,7
00770_960530_hr.jpg,0
00770_960530_ql_a.jpg,0
00770_960530_qr.jpg,0
00771_960530_hr.jpg,0
00772_941201_fb.jpg,2
00772_941201_hr.jpg,7
00772_960620_fb.jpg,3
00772_960620_pl.jpg,3
00773_941201_pl.jpg,2
00773_941201_qr.jpg,7
00773_960530_qr.jpg,3
00774_941201_pl.jpg,4
00774_941201_re.jpg,7
00774_941205_hr.jpg,7
00774_960620_hl.jpg,3
00774_960620_rc.jpg,11
00775_941205_ra.jpg,4
00775_960530_rd.jpg,0
00776_941205_fa.jpg,10
00776_941205_fb.jpg,10
00776_941205_ql.jpg,10
00776_941205_re.jpg,7
00777_941205_hl.jpg,4
00777_941205_pl.jpg,4
00777_941205_qr.jpg,7
00777_941205_rc.jpg,7
00778_941205_hr.jpg,8
00778_941205_pl.jpg,4
00778_941205_qr.jpg,11
00778_941205_re.jpg,8
00779_941205_hl.jpg,4
00779_960530_pl.jpg,3
00779_960530_pr.jpg,0
00779_960530_ql.jpg,3
00779_960530_re.jpg,0
00780_941205_fb.jpg,2
00780_941205_hr.jpg,7
00780_941205_pl.jpg,2
00780_941205_rd.jpg,7
00780_960530_ra.jpg,11
00781_941205_fb.jpg,9
00781_941205_hr.jpg,7
00781_941205_rb.jpg,9
00782_941205_qr.jpg,9
00782_941205_rd.jpg,9
00783_941205_pr.jpg,7
00783_941205_qr.jpg,10
00783_941205_rb.jpg,10
00783_941205_rc.jpg,7
00784_941205_ra.jpg,2
00785_941205_fb.jpg,2
00785_941205_ql.jpg,2
00785_941205_rd.jpg,7
00785_941205_re.jpg,7
00786_941205_ql.jpg,3
00786_941205_qr.jpg,0
00786_941205_rb.jpg,10
00787_960620_rb.jpg,3
00788_941205_hl.jpg,2
00788_941205_ql.jpg,10
00788_941205_qr.jpg,7
00788_941205_ra.jpg,2
00788_941205_rb.jpg,7
00790_941205_fb.jpg,7
00790_941205_rc.jpg,7
00790_941205_re.jpg,7
00791_941205_fa.jpg,9
00791_941205_hr.jpg,9
00791_941205_pr.jpg,9
00791_941205_rb.jpg,2
00791_941205_rc.jpg,9
00792_941205_fa.jpg,10
00792_941205_hl.jpg,2
00792_941205_hr.jpg,7
00792_941205_pl.jpg,2
00792_941205_ra.jpg,2
00793_941205_hl.jpg,2
00793_941205_hr.jpg,7
00793_941205_rc.jpg,10
00794_960530_pr.jpg,0
00794_960530_rc.jpg,11
00794_960620_pr.jpg,0
00794_960620_ql.jpg,3
00795_941205_hr.jpg,7
00795_941205_pl.jpg,3
00796_941205_fa.jpg,7
00796_941205_ql.jpg,10
00796_941205_ra.jpg,10
00797_941205_fa.jpg,10
00797_941205_rd.jpg,7
00797_941205_re.jpg,7
00797_960620_fb.jpg,11
00797_960620_pr.jpg,0
00797_960620_ql.jpg,3
00798_941205_fa.jpg,10
00799_941205_fa.jpg,11
00799_941205_fb.jpg,11
00799_941205_hl.jpg,3
00799_941205_hr.jpg,9
00799_941205_pl.jpg,11
00799_941205_qr.jpg,11
00799_941205_ra.jpg,11
00799_941205_rb.jpg,11
00799_941205_rc.jpg,11
00800_941205_fa.jpg,10
00801_941205_pl.jpg,3
00801_941205_qr.jpg,0
00801_941205_rd.jpg,0
00801_941205_re.jpg,0
00802_941205_pl.jpg,2
00803_941205_fb.jpg,4
00803_941205_hr.jpg,9
00803_941205_pl.jpg,4
00803_941205_ql.jpg,4
00803_941205_rc.jpg,10
00803_941205_re.jpg,7
00804_941205_ra.jpg,4
00804_960530_pl.jpg,3
00804_960530_rb.jpg,3
00805_941205_fa.jpg,10
00805_941205_fb.jpg,10
00805_941205_ql.jpg,10
00805_941205_re.jpg,7
00806_941205_fb.jpg,10
00806_960620_pr.jpg,0
00807_941205_ra.jpg,4
00807_960530_hl.jpg,3
00807_960530_qr.jpg,0
00807_960530_rb.jpg,3
00809_960530_hr.jpg,0
00809_960530_re.jpg,0
00810_960620_qr.jpg,0
00810_960620_ra.jpg,3
00811_941205_ra.jpg,3
00811_941205_rc.jpg,7
00811_960530_qr.jpg,0
00811_960530_rc.jpg,0
00812_941205_qr.jpg,11
00812_960530_fb.jpg,0
00812_960530_hr.jpg,0
00812_960530_pl.jpg,3
00812_960530_ra.jpg,3
00813_941205_hr.jpg,7
00813_941205_pl.jpg,2
00813_941205_pr.jpg,9
00813_941205_ra.jpg,2
00813_941205_rb.jpg,2
00814_941205_hr.jpg,11
00814_941205_pr.jpg,11
00814_941205_qr.jpg,11
00814_941205_rb.jpg,11
00815_941205_hr.jpg,9
00815_941205_pr.jpg,9
00815_941205_ra.jpg,4
00816_941205_rc.jpg,9
00816_941205_re.jpg,9
00816_960530_fa.jpg,0
00816_960530_pr.jpg,0
00816_960620_fb.jpg,3
00816_960620_pr.jpg,0
00817_941205_fa.jpg,10
00817_941205_hr.jpg,7
00817_941205_qr.jpg,10
00817_941205_rb.jpg,7
00818_940307_fa.jpg,1
00818_940307_fb.jpg,1
00818_940307_hr.jpg,1
00818_940307_pr.jpg,1
00819_940307_fa.jpg,1
00819_940307_hl.jpg,1
00819_940307_hr.jpg,1
00819_940307_pl.jpg,1
00821_940307_fa.jpg,1
00822_940307_fb.jpg,1
00822_940307_hl.jpg,1
00822_940307_hr.jpg,1
00822_940307_pl.jpg,1
00823_940307_fa.jpg,1
00823_940307_fb_a.jpg,1
00823_940307_fb.jpg,1
00823_940307_pr_a.jpg,1
00824_940307_fa.jpg,1
00824_940307_fb.jpg,1
00824_940307_hl.jpg,1
00824_940307_hr.jpg,1
00824_940307_pl.jpg,1
00824_940307_pr.jpg,1
00826_940307_fa.jpg,1
00826_940307_fb.jpg,1
00826_940307_hr.jpg,1
00826_940307_pl.jpg,1
00827_940307_fb.jpg,1
00827_940307_pl.jpg,1
00828_940307_hl.jpg,1
00828_940307_pr.jpg,1
00829_940307_fa_a.jpg,1
00829_940307_hl_a.jpg,1
00829_940307_hr.jpg,1
00829_940307_pl.jpg,1
00831_940307_fa.jpg,1
00831_940307_fb.jpg,1
00831_940307_hr.jpg,1
00831_940307_pr.jpg,1
00833_940307_fb_a.jpg,1
00833_940307_fb.jpg,1
00833_940307_hr.jpg,1
00833_940307_pl.jpg,1
00833_940307_pr_a.jpg,1
00834_940307_fa_a.jpg,1
00834_940307_fb_a.jpg,1
00834_940307_hr_a.jpg,1
00834_940307_pl.jpg,1
00835_940307_fb.jpg,1
00835_940307_hl.jpg,1
00836_940307_fa.jpg,1
00836_940307_fb.jpg,1
00836_940307_hl.jpg,1
00837_940307_hr.jpg,1
00837_940307_pl.jpg,1
00837_940307_pr.jpg,1
00838_940307_fb.jpg,1
00838_940307_hr.jpg,1
00838_940307_pl.jpg,1
00839_940307_fb.jpg,1
00839_940307_hl.jpg,1
00839_940307_hr.jpg,1
00839_940307_pr.jpg,1
00841_940307_fa.jpg,1
00841_940307_fb.jpg,1
00841_940307_hl.jpg,1
00841_940307_hr.jpg,1
00841_940307_pr.jpg,7
00842_940307_fa.jpg,1
00842_940307_hl.jpg,1
00842_940307_hr.jpg,1
00842_940307_pl.jpg,1
00842_940307_pr.jpg,1
00843_940307_fa_a.jpg,1
00843_940307_fb_a.jpg,1
00843_940307_hr_a.jpg,1
00843_940307_pl_a.jpg,1
00843_940307_pr_a.jpg,1
00844_940307_fa.jpg,1
00845_940307_hr.jpg,1
00845_940307_pl.jpg,1
00846_940307_fa_a.jpg,1
00846_940307_pr_a.jpg,1
00847_940307_fa.jpg,1
00847_940307_hr.jpg,1
00847_940307_pl.jpg,1
00847_940307_pr.jpg,1
00848_940307_fa.jpg,1
00848_940307_fb.jpg,1
00848_940307_pl.jpg,1
00849_940307_fb_a.jpg,1
00849_940307_pl_a.jpg,1
00850_940307_hl.jpg,1
00850_940307_pl.jpg,1
00851_940307_fb.jpg,1
00851_940307_hr.jpg,1
00852_940307_hr.jpg,1
00852_940307_pl.jpg,1
00852_940307_pr.jpg,1
00853_940307_hl.jpg,1
00853_940307_hr.jpg,1
00853_940307_pl.jpg,1
00854_940307_fa.jpg,1
00854_940307_fb.jpg,1
00854_940307_pl.jpg,1
00855_940307_fa.jpg,1
00855_940307_hl.jpg,1
00855_940307_hr.jpg,1
00856_940307_fa.jpg,1
00856_940307_fb.jpg,1
00856_940307_hr.jpg,1
00856_940307_pr.jpg,1
00857_940307_fb.jpg,1
00857_940307_pl.jpg,1
00858_940307_fa.jpg,1
00858_940307_fb.jpg,1
00858_940307_hr.jpg,1
00858_940307_pl.jpg,1
00859_940307_fa.jpg,1
00859_940307_fb.jpg,1
00860_940307_fa.jpg,1
00860_940307_pl.jpg,1
00860_940307_pr.jpg,1
00861_940307_pl.jpg,1
00861_940307_pr.jpg,1
00862_940307_fa.jpg,1
00862_940307_fb.jpg,1
00862_940307_hl.jpg,1
00863_940307_fa.jpg,1
00863_940307_pl.jpg,1
00864_940307_pl.jpg,1
00865_940307_fa_a.jpg,1
00865_940307_pl_a.jpg,1
00866_940307_fb.jpg,1
00866_940307_hr.jpg,1
00866_940307_pl_a.jpg,1
00866_940307_pl.jpg,1
00867_940307_fb_a.jpg,1
00868_940307_fa.jpg,1
00868_940307_fb.jpg,1
00868_940307_hr.jpg,1
00868_940307_pl.jpg,1
00869_940307_fb.jpg,1
00869_940307_hl.jpg,1
00871_940307_pl.jpg,1
00872_940307_fa.jpg,1
00873_940307_fa.jpg,1
00873_940307_fb.jpg,1
00873_940307_hr.jpg,1
00873_940307_pr.jpg,1
00874_940307_fb.jpg,1
00874_940307_pl.jpg,1
00875_940307_fa.jpg,1
00875_940307_fb.jpg,1
00875_940307_pr.jpg,1
00876_960530_fa.jpg,3
00876_960530_fb.jpg,11
00876_960530_hl.jpg,3
00876_960620_hr.jpg,0
00876_960620_pr.jpg,0
00876_960620_re.jpg,0
00877_960530_ql.jpg,3
00878_960530_fa.jpg,3
00879_960530_hl.jpg,3
00879_960530_hr.jpg,0
00879_960530_re.jpg,0
00880_960530_fa.jpg,3
00880_960530_hr.jpg,0
00880_960530_pl.jpg,3
00880_960530_rd.jpg,0
00882_960530_fb.jpg,3
00882_960530_hr.jpg,0
00882_960530_pl.jpg,3
00882_960530_ql.jpg,3
00882_960530_rc.jpg,0
00883_960530_hl.jpg,3
00883_960530_hr.jpg,8
00883_960530_pr.jpg,0
00883_960530_qr.jpg,0
00883_960530_rd.jpg,0
00884_960530_pl.jpg,3
00884_960530_pr.jpg,0
00884_960530_qr.jpg,0
00884_960530_ra.jpg,3
00885_960530_pl.jpg,3
00885_960530_pr.jpg,0
00885_960530_ql.jpg,3
00885_960530_qr.jpg,0
00886_960530_fa.jpg,3
00886_960530_pr.jpg,0
00886_960530_ql.jpg,3
00886_960530_rc.jpg,0
00887_960530_hr.jpg,0
00887_960530_pl.jpg,3
00887_960530_pr.jpg,0
00887_960530_qr.jpg,0
00887_960530_rd.jpg,0
00887_960530_re.jpg,0
00888_960530_fb.jpg,0
00888_960530_pl.jpg,3
00888_960530_ql.jpg,3
00888_960530_qr.jpg,0
00888_960530_ra.jpg,3
00888_960530_rb.jpg,3
00889_960530_pr.jpg,8
00889_960530_rd.jpg,8
00889_960530_re.jpg,8
00890_960530_fa.jpg,11
00890_960530_ql.jpg,3
00890_960530_rc.jpg,0
00891_960530_ra.jpg,3
00893_960530_fa.jpg,10
00893_960530_hl.jpg,3
00893_960530_pl.jpg,3
00893_960530_qr.jpg,10
00894_960530_hr.jpg,0
00894_960530_pr.jpg,8
00894_960620_pl.jpg,3
00895_960530_pl.jpg,3
00895_960530_pr.jpg,0
00895_960530_ql.jpg,3
00895_960530_re.jpg,0
00896_960530_pl.jpg,3
00896_960530_pr.jpg,0
00896_960530_rd.jpg,0
00897_960530_hl.jpg,3
00897_960530_hr.jpg,0
00897_960530_re.jpg,0
00898_960530_fa.jpg,3
00898_960530_fb.jpg,3
00898_960530_hl.jpg,3
00898_960530_pr.jpg,0
00898_960530_ql.jpg,3
00898_960530_rb.jpg,3
00899_960530_pl.jpg,3
00900_960530_ql.jpg,3
00900_960530_qr.jpg,0
00900_960530_rb.jpg,3
00900_960530_rc.jpg,0
00900_960620_hl.jpg,3
00900_960620_pr.jpg,0
00900_960620_re.jpg,0
00901_960530_hl.jpg,3
00901_960530_hr.jpg,0
00901_960530_qr.jpg,0
00902_960530_fa.jpg,3
00902_960530_fb.jpg,0
00902_960530_hl.jpg,3
00902_960530_hr.jpg,0
00902_960530_ql.jpg,3
00902_960530_rb.jpg,3
00903_960530_qr.jpg,0
00903_960620_re.jpg,0
00904_960530_fa.jpg,0
00904_960530_hr.jpg,0
00904_960530_pl.jpg,3
00904_960530_ra.jpg,3
00905_960530_fb.jpg,11
00905_960530_hr.jpg,0
00905_960530_pl.jpg,3
00905_960530_pr.jpg,0
00905_960530_rb.jpg,11
00906_960530_qr.jpg,0
00906_960530_rc.jpg,0
00908_960530_hr.jpg,0
00908_960530_pl.jpg,3
00908_960530_pr.jpg,0
00908_960530_ra.jpg,3
00908_960530_rb.jpg,0
00908_960530_rc.jpg,0
00909_960530_fb.jpg,3
00909_960530_pr.jpg,0
00909_960530_qr.jpg,3
00909_960530_ra.jpg,3
00909_960530_rb.jpg,3
00910_960530_fa.jpg,3
00910_960530_rc.jpg,0
00911_960530_fa.jpg,3
00911_960530_hl.jpg,3
00911_960530_hr.jpg,0
00911_960530_pl.jpg,3
00911_960530_pr.jpg,0
00911_960530_ql.jpg,3
00911_960530_ra.jpg,3
00911_960530_rb.jpg,3
00912_960530_ql.jpg,3
00912_960530_re.jpg,0
00913_960530_fa.jpg,10
00913_960530_qr.jpg,0
00914_960620_fa.jpg,3
00914_960620_fb.jpg,0
00914_960620_hr.jpg,0
00914_960620_ql.jpg,3
00916_960620_ql.jpg,3
00916_960620_rb.jpg,3
00917_960620_ra.jpg,3
00918_960620_fa.jpg,10
00918_960620_fb.jpg,3
00918_960620_hl.jpg,3
00918_960620_pr.jpg,0
00918_960620_rb.jpg,3
00919_960620_fb.jpg,0
00919_960620_hl.jpg,3
00919_960620_ra.jpg,3
00920_960627_rc.jpg,9
00921_960627_hl.jpg,2
00921_960627_ra.jpg,3
00921_960627_rc.jpg,0
00922_960627_hr.jpg,0
00922_960627_ql.jpg,10
00922_960627_rc.jpg,0
00922_960627_rd.jpg,0
00922_960627_re.jpg,0
00923_960627_pl.jpg,2
00923_960627_re.jpg,0
00924_960627_fb.jpg,11
00924_960627_hr.jpg,0
00925_960627_fa.jpg,2
00925_960627_fb.jpg,2
00925_960627_pr.jpg,7
00925_960627_ql.jpg,2
00925_960627_qr.jpg,7
00926_960627_hl.jpg,3
00926_960627_pr.jpg,0
00926_960627_ql.jpg,3
00926_960627_rc.jpg,0
00926_960627_rd.jpg,0
00927_960627_fa.jpg,10
00927_960627_fb.jpg,10
00927_960627_pr.jpg,0
00927_960627_ql.jpg,3
00928_960627_fa.jpg,0
00928_960627_fb.jpg,10
00928_960627_ql.jpg,3
00928_960627_ra.jpg,2
00929_960627_fa.jpg,10
00929_960627_qr.jpg,10
00930_960627_fa.jpg,10
00930_960627_hr.jpg,0
00930_960627_pr.jpg,0
00930_960627_re.jpg,0
00931_960627_fa.jpg,3
00931_960627_hl.jpg,3
00931_960627_ra.jpg,3
00932_960627_pl.jpg,2
00932_960627_rb.jpg,3
00933_960627_fa.jpg,0
00934_960627_fa.jpg,10
00935_960627_fb.jpg,11
00935_960627_hl.jpg,3
00935_960627_pl.jpg,3
00935_960627_ql.jpg,3
00935_960627_qr.jpg,11
00935_960627_rd.jpg,0
00936_960627_fb.jpg,3
00936_960627_hl.jpg,3
00936_960627_pl.jpg,3
00936_960627_ql.jpg,3
00936_960627_ra.jpg,3
00937_960627_hr.jpg,7
00937_960627_pr.jpg,8
00937_960627_ql.jpg,4
00937_960627_qr.jpg,9
00938_960627_fa.jpg,10
00938_960627_pl.jpg,2
00938_960627_pr.jpg,7
00938_960627_ra.jpg,2
00940_960627_hl.jpg,2
00940_960627_qr.jpg,7
00941_960627_fa.jpg,0
00941_960627_hr.jpg,7
00941_960627_pl.jpg,2
00941_960627_qr.jpg,0
00942_960627_fa.jpg,10
00942_960627_ql.jpg,4
00942_960627_rc.jpg,0
00943_960627_fa.jpg,7
00943_960627_ra.jpg,2
00943_960627_rc.jpg,7
00944_960627_hl.jpg,2
00944_960627_pl.jpg,5
00944_960627_pr.jpg,8
00945_960627_fa.jpg,11
00945_960627_pl.jpg,3
00945_960627_qr.jpg,0
00946_960627_pl.jpg,2
00946_960627_pr.jpg,8
00946_960627_ql.jpg,4
00946_960627_rd.jpg,8
00946_960627_re.jpg,8
00947_960627_fa.jpg,10
00947_960627_fb.jpg,10
00947_960627_hl.jpg,2
00947_960627_ra.jpg,2
00947_960627_rb.jpg,10
00948_960627_fb.jpg,10
00948_960627_hr.jpg,7
00948_960627_pl.jpg,2
00948_960627_qr.jpg,7
00949_960627_hl.jpg,3
00949_960627_hr.jpg,0
00949_960627_rc.jpg,0
00950_960627_fb.jpg,10
00950_960627_hl.jpg,2
00950_960627_qr.jpg,0
00950_960627_rc.jpg,0
00950_960627_rd.jpg,7
00950_960627_re.jpg,7
00951_960627_fb.jpg,11
00951_960627_hr.jpg,7
00951_960627_ql.jpg,4
00952_960627_fb.jpg,10
00952_960627_pl.jpg,2
00952_960627_qr.jpg,7
00952_960627_rc.jpg,10
00953_960627_hl.jpg,2
00953_960627_hr.jpg,8
00953_960627_pl.jpg,2
00953_960627_pr.jpg,0
00953_960627_ql.jpg,2
00953_960627_ra.jpg,2
00953_960627_rb.jpg,2
00953_960627_rc.jpg,7
00954_960627_fa.jpg,10
00954_960627_fb.jpg,10
00954_960627_hr.jpg,7
00954_960627_pl.jpg,2
00954_960627_qr.jpg,7
00954_960627_ra.jpg,2
00955_960627_qr.jpg,0
00956_960627_fa.jpg,7
00956_960627_fb.jpg,4
00956_960627_hl.jpg,2
00956_960627_hr.jpg,8
00956_960627_pr.jpg,8
00956_960627_re.jpg,8
00957_960627_hr.jpg,0
00958_960627_fa.jpg,10
00958_960627_fb.jpg,10
00958_960627_hr.jpg,7
00958_960627_pl.jpg,2
00958_960627_rd.jpg,7
00959_960627_rb.jpg,10
00959_960627_rc.jpg,0
00960_960627_fa.jpg,10
00960_960627_pr.jpg,7
00961_960627_fb.jpg,11
00961_960627_pr.jpg,0
00961_960627_rb.jpg,3
00962_960627_hr.jpg,7
00962_960627_pl.jpg,2
00962_960627_rd.jpg,7
00963_960627_hr.jpg,7
00964_960627_hl.jpg,3
00964_960627_pl.jpg,3
00964_960627_pr.jpg,0
00964_960627_qr.jpg,8
00965_960627_fa.jpg,7
00965_960627_hr.jpg,8
00966_960627_fb.jpg,10
00966_960627_qr.jpg,7
00966_960627_rc.jpg,7
00966_960627_rd.jpg,7
00967_960627_fa.jpg,9
00967_960627_hl.jpg,5
00967_960627_hr.jpg,8
00968_960627_pl.jpg,2
00968_960627_qr.jpg,7
00968_960627_rb.jpg,2
00969_960627_hl.jpg,2
00969_960627_rc.jpg,10
00970_960627_hl.jpg,3
00970_960627_rc.jpg,7
00971_960627_fb.jpg,9
00971_960627_rc.jpg,9
00972_960627_pr.jpg,7
00972_960627_rc.jpg,7
00972_960627_re.jpg,7
00973_960627_fa.jpg,7
00973_960627_fb.jpg,2
00973_960627_pr.jpg,7
00973_960627_qr.jpg,7
00974_960627_pr.jpg,8
00974_960627_rd.jpg,8
00976_960627_fa.jpg,7
00976_960627_hr.jpg,7
00976_960627_pl.jpg,2
00976_960627_pr.jpg,7
00976_960627_re.jpg,7
00977_960627_qr.jpg,7
00978_960627_fb.jpg,9
00978_960627_hl.jpg,2
00978_960627_pl.jpg,4
00978_960627_ql.jpg,5
00978_960627_ra.jpg,4
00979_960627_hr.jpg,0
00980_960627_fb.jpg,9
00980_960627_rc.jpg,9
00980_960627_rd.jpg,8
00981_960627_fb.jpg,10
00981_960627_pl.jpg,2
00981_960627_pr.jpg,8
00981_960627_rc.jpg,10
00982_960627_hl.jpg,2
00982_960627_hr.jpg,7
00982_960627_pl.jpg,2
00982_960627_qr.jpg,7
00982_960627_rb.jpg,2
00983_960627_fa.jpg,2
00983_960627_hr.jpg,7
00983_960627_pr.jpg,7
00983_960627_ql.jpg,2
00983_960627_qr.jpg,7
00984_960627_fa.jpg,1
00984_960627_fb.jpg,1
00985_960627_fa.jpg,2
00985_960627_hl.jpg,2
00985_960627_pl.jpg,2
00985_960627_pr.jpg,7
00985_960627_qr.jpg,7
00987_960627_pl.jpg,2
00987_960627_pr.jpg,7
00987_960627_ql.jpg,2
00987_960627_qr.jpg,7
00988_960627_fa.jpg,7
00988_960627_pl.jpg,2
00989_960627_hl.jpg,2
00989_960627_hr.jpg,7
00990_960627_pr.jpg,7
00990_960627_ql.jpg,2
00990_960627_qr.jpg,7
00990_960627_rd.jpg,7
00991_960627_fa.jpg,2
00991_960627_fb.jpg,2
00991_960627_ql.jpg,2
00991_960627_qr.jpg,7
00991_960627_rc.jpg,7
00992_960627_fa.jpg,7
00992_960627_pr.jpg,7
00993_960627_fa.jpg,7
00993_960627_pr.jpg,7
00994_960627_ql.jpg,2
00995_960627_fb.jpg,2
00995_960627_ql.jpg,2
00995_960627_rb.jpg,2
00996_960627_hl.jpg,2
00996_960627_hr.jpg,7
00996_960627_pl.jpg,2
00996_960627_rd.jpg,7
00997_960627_hl.jpg,2
00997_960627_hr.jpg,7
00997_960627_pr.jpg,7
00997_960627_ra.jpg,2
00997_960627_rb.jpg,2
00998_960627_pl.jpg,2
00998_960627_qr.jpg,7
00998_960627_rc.jpg,7
00998_960627_re.jpg,7
00999_960627_fb.jpg,7
00999_960627_hl.jpg,2
00999_960627_pl.jpg,2
00999_960627_rb.jpg,2
01000_960627_hr.jpg,7
01000_960627_pr.jpg,7
01001_960627_fa.jpg,7
01001_960627_rc.jpg,7
01002_960627_hl.jpg,2
01002_960627_pl.jpg,2
01002_960627_qr.jpg,7
01002_960627_rc.jpg,7
01003_960627_fb.jpg,10
01003_960627_hl.jpg,2
01003_960627_pl.jpg,2
01003_960627_qr.jpg,7
01003_960627_rc.jpg,7
01003_960627_rd.jpg,7
01004_960627_fa.jpg,7
01004_960627_hl.jpg,2
01004_960627_pl.jpg,2
01004_960627_ra.jpg,2
01005_960627_fa.jpg,7
01005_960627_fb.jpg,2
01005_960627_hr.jpg,7
01005_960627_pl.jpg,2
01005_960627_qr.jpg,7
01005_960627_ra.jpg,2
01005_960627_rc.jpg,7
01006_960627_fa.jpg,7
01006_960627_pl.jpg,2
01006_960627_ql.jpg,2
01006_960627_qr.jpg,7
01006_960627_rc.jpg,7
01006_960627_rd.jpg,7
01007_960627_rb.jpg,4
01008_960627_pl.jpg,5
01008_960627_pr.jpg,7
01008_960627_ql.jpg,1
01008_960627_rc.jpg,7
01009_960627_fa.jpg,7
01009_960627_fb.jpg,7
01009_960627_hr.jpg,7
01009_960627_re.jpg,7
01010_960627_pr.jpg,7
01010_960627_qr.jpg,7
01011_960627_hr.jpg,7
01011_960627_pr.jpg,7
01012_960627_fb.jpg,7
01012_960627_hl.jpg,2
01012_960627_rb.jpg,2
01207_940128_fa.jpg,3
01207_940128_fb.jpg,3
01207_940128_pr.jpg,0
01208_940128_fb_a.jpg,4
01208_940128_hl_a.jpg,4
01208_940128_hr_a.jpg,7