image1,image2,ground_truth,aws_response,compreface_response,face_verification_response
00817_941205_qr.jpg,00817_941205_hr.jpg,1,1,1,1
00507_940519_pr.jpg,00507_940519_fa.jpg,1,1,1,1
00246_940128_fb.jpg,00062_931230_pr.jpg,0,0,0,0
00638_941031_fa.jpg,00638_941121_ql.jpg,1,1,1,1
00390_940422_fa.jpg,00390_940422_pr.jpg,1,1,1,0
00062_931230_fb.jpg,00020_931230_fa.jpg,0,0,0,0
00882_960530_ql.jpg,00882_960530_hr.jpg,1,1,1,1
00168_931230_hl_a.jpg,00168_931230_fb_a.jpg,1,1,1,1
00183_940128_fa.jpg,00205_940128_hr.jpg,0,0,0,0
00098_931230_fa.jpg,00098_931230_fb.jpg,1,1,1,1
00713_941201_pl.jpg,00713_941201_hr.jpg,1,1,1,1
00065_931230_hr.jpg,00065_931230_fb.jpg,1,1,1,1
00268_960627_pl.jpg,00522_960627_rc.jpg,0,0,0,0
00731_941201_qr.jpg,00731_941201_hl.jpg,1,1,1,1
00510_940519_pl.jpg,00510_940519_hr.jpg,1,1,1,1
00905_960530_pr.jpg,00905_960530_hr.jpg,1,1,1,1
00956_960627_re.jpg,00829_940307_hl_a.jpg,0,0,0,0
00102_931230_pl.jpg,00853_940307_pl.jpg,0,0,-1,0
00290_940422_pl.jpg,00188_940307_hr.jpg,0,0,0,0
00461_940422_hl_a.jpg,00176_931230_fa.jpg,0,0,0,0
00639_941031_fa.jpg,00639_941031_rc.jpg,1,1,1,1
00313_940422_pl.jpg,00124_931230_fb.jpg,0,0,0,0
00423_940422_hl.jpg,00423_940422_fa.jpg,1,1,1,1
00230_940128_pl.jpg,00261_940128_hl.jpg,0,0,0,0
00264_940128_hl.jpg,00264_940128_fb.jpg,1,1,1,1
00343_940422_fa.jpg,00343_940422_fa_a.jpg,1,1,1,1
00150_940128_pr_a.jpg,00150_940128_fa_a.jpg,1,1,1,0
00186_940128_pr_a.jpg,00091_931230_hr.jpg,0,0,0,0
00310_940422_pr.jpg,00310_940422_fa.jpg,1,1,1,0
00179_931230_pl.jpg,00643_941031_qr.jpg,0,0,0,0
00308_940422_pl.jpg,00674_941121_pl.jpg,0,0,0,0
00947_960627_fa.jpg,00947_960627_rb.jpg,1,1,1,1
00178_931230_pl.jpg,00178_931230_pr.jpg,1,1,1,0
01006_960627_pl.jpg,01006_960627_rd.jpg,1,1,1,1
00413_940422_fa.jpg,00618_940928_rc.jpg,0,0,0,0
00316_940422_hr.jpg,00729_941205_qr.jpg,0,0,0,0
00658_941121_hl.jpg,00827_940307_pl.jpg,0,0,0,0
00558_940519_pl.jpg,00558_940519_hr.jpg,1,1,1,1
00894_960530_hr.jpg,01001_960627_fa.jpg,0,0,0,0
00133_931230_hl.jpg,00765_941201_ql.jpg,0,0,0,0
00452_940422_fa.jpg,00452_940422_hr.jpg,1,1,1,1
00456_940422_fb.jpg,00438_940422_fa.jpg,0,0,0,0
00150_931230_fa_a.jpg,00470_940519_pl.jpg,0,0,0,0
00135_931230_pr_a.jpg,00135_931230_hl_a.jpg,1,1,1,0
00712_941205_hl.jpg,00210_940422_pl.jpg,0,0,0,0
00827_940307_fb.jpg,00947_960627_hl.jpg,0,0,0,0
00625_940928_rb.jpg,00891_960530_ra.jpg,0,0,0,0
00299_940422_fa.jpg,00677_941121_fb.jpg,0,0,0,0
00536_940519_pr.jpg,00536_940519_fa.jpg,1,1,1,1
00434_940422_fa.jpg,00250_940128_hr.jpg,0,0,0,0
00116_931230_fa.jpg,00116_931230_pr.jpg,1,0,1,0
00591_940928_pr.jpg,00836_940307_hl.jpg,0,0,0,0
00695_941121_hl.jpg,00695_941121_ql.jpg,1,1,1,1
00137_931230_fb_a.jpg,00412_940422_fb.jpg,0,0,0,0
00936_960627_pl.jpg,00848_940307_fb.jpg,0,0,0,0
00568_940928_pl.jpg,00568_941031_rc.jpg,1,1,1,1
00640_941031_ql.jpg,00606_940928_pr.jpg,0,0,0,0
00375_940422_fa.jpg,00161_931230_pr_a.jpg,0,0,0,0
01005_960627_ra.jpg,00952_960627_pl.jpg,0,0,0,0
00639_941031_pl.jpg,00639_941031_fa.jpg,1,1,1,1
00855_940307_fa.jpg,00848_940307_pl.jpg,0,0,0,0
00160_931230_fa_a.jpg,00629_940928_pl.jpg,0,0,0,0
00337_940422_hl.jpg,00337_940422_fb.jpg,1,1,1,1
00096_931230_hr.jpg,00096_931230_pr.jpg,1,1,1,1
00690_941121_rc.jpg,00690_941121_hr.jpg,1,1,1,1
00858_940307_hr.jpg,00384_940422_hr.jpg,0,0,0,0
00803_941205_pl.jpg,00803_941205_rc.jpg,1,1,1,1
00179_931230_fb.jpg,00179_931230_fb.jpg,1,1,1,1
00476_940519_hr.jpg,00172_931230_hr.jpg,0,0,0,0
00142_931230_hl.jpg,00142_931230_fa.jpg,1,1,1,1
00565_940928_ql.jpg,00565_940928_pr.jpg,1,1,1,1
00175_931230_pl_a.jpg,00175_931230_fb_a.jpg,1,1,-1,0
00044_931230_hl.jpg,00427_940422_fa.jpg,0,0,0,0
00741_941201_rd.jpg,00478_940519_fb.jpg,0,0,0,0
00732_941205_fa.jpg,00732_960620_qr.jpg,1,1,1,1
00195_940128_fb.jpg,00833_940307_pr_a.jpg,0,0,0,0
00964_960627_pl.jpg,00964_960627_pr.jpg,1,1,1,1
00962_960627_pl.jpg,00962_960627_rd.jpg,1,1,1,1
00239_940128_hr.jpg,00570_940928_fa_a.jpg,0,0,0,0
01012_960627_fb.jpg,01012_960627_rb.jpg,1,1,1,1
00456_940422_hr.jpg,00184_940128_fb.jpg,0,0,0,0
00677_941121_pr.jpg,00677_941121_pl.jpg,1,1,1,1
00650_941031_hr.jpg,00489_940519_fa.jpg,0,0,0,0
00584_941031_fb.jpg,00628_940928_hr.jpg,0,0,0,0
00551_940519_ql.jpg,00551_940519_hr.jpg,1,1,1,1
00266_940128_fa.jpg,00332_940422_pl.jpg,0,0,0,0
00714_960530_hr.jpg,00714_941201_ra.jpg,1,1,1,1
00933_960627_fa.jpg,00350_940422_pr.jpg,0,0,0,0
00417_940422_pl.jpg,00417_940422_hr.jpg,1,1,1,0
00887_960530_pl.jpg,00887_960530_pr.jpg,1,1,1,1
01004_960627_ra.jpg,00989_960627_hl.jpg,0,0,0,0
00795_941205_pl.jpg,00795_941205_pl.jpg,1,1,1,1
00549_940519_qr_a.jpg,00549_940519_pl_a.jpg,1,1,1,1
00366_940422_fa.jpg,00366_940422_fb.jpg,1,1,1,1
00492_940519_pr_a.jpg,00423_940422_hr.jpg,0,0,0,0
00618_941031_re.jpg,00618_941031_pr.jpg,1,1,1,1
00868_940307_fb.jpg,00112_931230_fb.jpg,0,0,0,0
00176_931230_fa.jpg,00899_960530_pl.jpg,0,0,0,0
00208_940128_hl.jpg,00208_940128_pl.jpg,1,1,1,1
00926_960627_pr.jpg,00926_960627_hl.jpg,1,1,1,1
00373_940422_hr.jpg,00148_931230_pr.jpg,0,0,0,0
00026_931230_fa_a.jpg,00026_931230_fa_a.jpg,1,1,1,1
00099_931230_fb_a.jpg,00099_931230_pr_a.jpg,1,1,1,0
00854_940307_pl.jpg,00946_960627_pl.jpg,0,0,0,0
00384_940422_pr.jpg,00384_940422_fa.jpg,1,1,-1,0
00905_960530_fb.jpg,00890_960530_ql.jpg,0,0,0,0
00590_940928_pr.jpg,00446_940422_fa.jpg,0,0,0,0
00359_940422_hl.jpg,00067_931230_pl_a.jpg,0,0,0,0
00662_941121_hr.jpg,00980_960627_rc.jpg,0,0,0,0
00674_941121_ql.jpg,00325_940422_hr_a.jpg,0,0,0,0
00535_940519_hl.jpg,00535_940519_qr.jpg,1,1,1,1
00243_940128_pl.jpg,00243_940128_pr.jpg,1,1,-1,0
00823_940307_fb.jpg,00218_940128_hl.jpg,0,0,0,0
00184_940128_pr.jpg,00184_940422_fa.jpg,1,1,1,0
00498_960627_pr.jpg,00498_960627_hr.jpg,1,1,1,1
00768_960530_qr.jpg,00322_940422_hr.jpg,0,0,0,0
00925_960627_fa.jpg,00297_940422_fa.jpg,0,0,0,0
00545_940519_hr_a.jpg,00545_940519_fa_a.jpg,1,1,1,1
00313_940422_hr.jpg,00537_940519_hl_a.jpg,0,0,0,0
00165_931230_fa_a.jpg,00489_940519_pr.jpg,0,0,0,0
00256_940928_fa.jpg,00220_940128_fb.jpg,0,0,0,0
00358_940422_hr.jpg,00516_940519_qr.jpg,0,0,0,0
00129_931230_pr.jpg,00129_931230_pl.jpg,1,1,1,1
00555_940519_pl.jpg,00926_960627_rc.jpg,0,0,0,0
00486_940519_fb_a.jpg,00486_940519_fb_a.jpg,1,1,1,1
00958_960627_rd.jpg,00573_940928_fb.jpg,0,0,0,0
00344_940422_fa.jpg,00545_940519_hl.jpg,0,0,0,0
00974_960627_rd.jpg,00974_960627_rd.jpg,1,1,1,1
00576_940928_qr.jpg,00576_940928_qr.jpg,1,1,1,1
00353_940422_fb.jpg,00353_940422_hl.jpg,1,1,1,1
00573_940928_rc.jpg,00573_940928_rc.jpg,1,1,1,1
00049_931230_hl.jpg,00049_931230_fb.jpg,1,1,1,1
00431_940422_fa.jpg,00431_940422_fa.jpg,1,1,1,1
00990_960627_pr.jpg,00146_960620_hr.jpg,0,0,0,0
00208_940128_fa.jpg,00208_940128_hr.jpg,1,1,1,1
00631_940928_fa.jpg,00225_940128_hl_a.jpg,0,0,0,0
00509_940519_fa.jpg,00509_940519_pl_a.jpg,1,1,1,1
00569_940928_rb.jpg,00569_940928_ql.jpg,1,1,1,1
00964_960627_hl.jpg,00291_940422_fb.jpg,0,0,0,0
00603_940928_pl.jpg,00770_960530_hr.jpg,0,0,0,0
00935_960627_ql.jpg,00935_960627_qr.jpg,1,1,1,1
00614_941031_ql.jpg,00614_941031_rc.jpg,1,1,1,1
00139_931230_fa.jpg,00139_931230_pl.jpg,1,1,1,0
00761_960620_rb.jpg,00761_960620_ql.jpg,1,1,1,1
00887_960530_re.jpg,00887_960530_qr.jpg,1,1,1,1
00056_931230_fb.jpg,00056_931230_pr.jpg,1,1,1,0
00874_940307_pl.jpg,00654_941031_re.jpg,0,0,0,0
00411_940422_fb.jpg,00936_960627_fb.jpg,0,0,0,0
00452_940422_fa.jpg,00452_940422_hl.jpg,1,1,1,1
00740_941205_pl.jpg,00740_941201_fb.jpg,1,1,1,1
00769_941205_pl.jpg,00769_941201_pl.jpg,1,1,1,1
01002_960627_hl.jpg,01002_960627_qr.jpg,1,1,1,1
01006_960627_rd.jpg,01006_960627_rc.jpg,1,1,1,1
00131_931230_pr.jpg,00131_931230_hr.jpg,1,1,1,1
00681_941121_ra.jpg,00681_941121_hr.jpg,1,1,1,1
00147_931230_fb.jpg,00147_931230_pl.jpg,1,1,1,0
00083_931230_pl_a.jpg,00900_960530_rb.jpg,0,0,0,0
00985_960627_pl.jpg,00063_931230_pl.jpg,0,0,0,0
00709_960530_pl.jpg,00709_960530_fb.jpg,1,1,1,1
00499_940519_hr.jpg,00499_940519_pr.jpg,1,1,1,1
00099_931230_pr_a.jpg,00615_940928_fb.jpg,0,0,0,0
00103_931230_hr_a.jpg,00103_931230_fb_a.jpg,1,1,1,1
00880_960530_fa.jpg,00677_941121_pl.jpg,0,0,0,0
00086_931230_hr.jpg,00086_940422_hr.jpg,1,1,1,1
00101_931230_pr.jpg,00661_941121_rd.jpg,0,0,0,0
00799_941205_hl.jpg,00585_940928_pl.jpg,0,0,0,0
00356_940422_pl.jpg,00356_940422_pr.jpg,1,1,1,1
00318_940422_fa.jpg,00318_940422_fb.jpg,1,1,1,1
00646_941031_ql.jpg,00646_941031_hl.jpg,1,1,1,1
00591_940928_hr.jpg,00591_940928_pr.jpg,1,1,1,1
01003_960627_rd.jpg,01003_960627_qr.jpg,1,1,1,1
00965_960627_fa.jpg,00723_941201_pr.jpg,0,0,0,0
00603_940928_ql.jpg,00603_940928_rb.jpg,1,1,1,1
00754_941201_ra.jpg,00754_941201_ql.jpg,1,1,1,1
00486_940519_ql.jpg,00614_941031_fb.jpg,0,0,0,0
00801_941205_re.jpg,00801_941205_rd.jpg,1,1,1,1
00309_940422_pl.jpg,00079_931230_pr_a.jpg,0,0,0,0
00571_940928_rc.jpg,00571_940928_pr.jpg,1,1,1,1
00672_941121_rc.jpg,00672_941121_pr.jpg,1,1,1,1
00103_931230_pl_a.jpg,00103_931230_fa_a.jpg,1,1,-1,0
00839_940307_fb.jpg,00839_940307_pr.jpg,1,1,1,0
00723_941201_rc.jpg,00642_941121_rc.jpg,0,0,0,0
00684_941121_fa.jpg,00684_941121_rb.jpg,1,1,1,1
00220_940128_hr.jpg,00220_940128_fa.jpg,1,1,1,1
00179_931230_fa.jpg,00179_931230_fa.jpg,1,1,1,1
00181_931230_pl.jpg,00181_931230_hr.jpg,1,1,1,0
00653_941031_hl.jpg,00701_941201_re.jpg,0,0,0,0
00343_940422_hr_a.jpg,00694_941121_qr.jpg,0,0,0,0
00745_941205_fa.jpg,00883_960530_pr.jpg,0,0,0,0
00395_940422_hr.jpg,00395_940422_fb.jpg,1,1,1,1
00116_931230_fa.jpg,00116_931230_fb.jpg,1,1,1,1
00201_940128_hr.jpg,00201_940128_fa.jpg,1,1,1,1
00192_940128_pr.jpg,00192_940128_hr.jpg,1,1,1,1
00875_940307_pr.jpg,00875_940307_pr.jpg,1,1,1,1
00156_931230_pr_a.jpg,00156_931230_fb_a.jpg,1,1,1,0
00325_940422_hr.jpg,00325_940422_hr_a.jpg,1,1,1,1
00646_941031_fb.jpg,00646_941031_re.jpg,1,1,1,1
00238_940128_fb.jpg,00238_940128_pr.jpg,1,1,1,1
00905_960530_pl.jpg,00743_941201_hl.jpg,0,0,0,0
00165_931230_fb_a.jpg,00165_931230_pr_a.jpg,1,1,1,1
00972_960627_pr.jpg,00972_960627_rc.jpg,1,1,1,1
00439_940422_hr.jpg,00213_940128_pl.jpg,0,0,0,0
00790_941205_rc.jpg,00790_941205_fb.jpg,1,1,1,1
00481_940519_pl.jpg,00481_940519_hr_a.jpg,1,1,1,1
00531_940519_hl.jpg,00204_940128_hl_a.jpg,0,0,0,0
00865_940307_pl_a.jpg,00690_941121_hr.jpg,0,0,0,0
00805_941205_ql.jpg,00805_941205_re.jpg,1,1,1,1
00886_960530_pr.jpg,00886_960530_ql.jpg,1,1,1,1
00174_931230_hl_a.jpg,00174_931230_hl_a.jpg,1,1,1,1
00810_960620_qr.jpg,00185_940128_fb.jpg,0,0,0,0
00703_941205_rd.jpg,00703_941205_rc.jpg,1,1,1,1
00455_940422_hl.jpg,00461_940422_fa.jpg,0,0,0,0
00517_940519_pr_a.jpg,00895_960530_ql.jpg,0,0,0,0
00734_941201_ql.jpg,00343_940422_fa_a.jpg,0,0,0,0
00640_941031_pl.jpg,00640_941031_rd.jpg,1,1,1,1
00552_940519_fb.jpg,00082_931230_pl.jpg,0,0,0,0
00458_940422_fa.jpg,00367_940422_fa.jpg,0,0,0,0
00332_940422_hl.jpg,00119_931230_fb.jpg,0,0,0,0
00982_960627_rb.jpg,00982_960627_pl.jpg,1,1,1,1
00591_940928_ql.jpg,00591_940928_ql.jpg,1,1,1,1
00130_931230_fa.jpg,00264_940128_hr.jpg,0,0,0,0
00231_940128_pr.jpg,00231_940128_pl.jpg,1,1,1,0
00902_960530_rb.jpg,00886_960530_fa.jpg,0,0,0,0
00242_940128_pr.jpg,00231_940128_fa.jpg,0,0,0,0
00976_960627_pr.jpg,00976_960627_pl.jpg,1,1,1,1
00100_931230_hr_a.jpg,00813_941205_rb.jpg,0,0,0,0
00293_940422_hr.jpg,00746_941201_ra.jpg,0,0,0,0
00764_941205_qr.jpg,00764_941205_hl.jpg,1,1,1,1
00285_940422_hl.jpg,00285_940422_fb.jpg,1,1,1,1
00628_940928_rc.jpg,00628_940928_hl.jpg,1,1,1,1
00659_941121_pl.jpg,00659_941121_ql.jpg,1,1,1,1
00897_960530_hr.jpg,00897_960530_re.jpg,1,1,1,1
00685_941121_ql.jpg,00685_941121_pl.jpg,1,1,1,1
00737_960620_rb.jpg,00737_960530_hr.jpg,1,1,1,1
00648_941031_rc.jpg,00458_940422_fa.jpg,0,0,0,0
00795_941205_hr.jpg,00554_940519_fa.jpg,0,0,0,0
00059_931230_fb.jpg,00086_940422_hr.jpg,0,0,0,0
00336_940422_pr.jpg,00358_940422_hl.jpg,0,0,0,0
00263_940128_fa.jpg,00142_931230_hl.jpg,0,0,0,0
00290_940422_hr.jpg,00521_940519_hl_a.jpg,0,0,0,0
00623_940928_fb.jpg,00276_940422_pr.jpg,0,0,0,0
00364_940422_hr.jpg,00599_940928_pr.jpg,0,0,0,0
00063_931230_pl.jpg,00944_960627_pr.jpg,0,0,0,0
00394_940422_hl.jpg,00684_941121_hl.jpg,0,0,0,0
00400_940422_pr.jpg,00400_940422_fb.jpg,1,1,0,0
00678_941121_pl.jpg,00141_931230_pr.jpg,0,0,0,0
00627_941031_rc.jpg,00627_941031_pl.jpg,1,1,1,1
00249_940128_hr_a.jpg,00430_940422_hl.jpg,0,0,0,0
00075_931230_pl.jpg,00739_941201_hl.jpg,0,0,0,0
00408_940422_pl.jpg,00408_940422_hr.jpg,1,1,1,0
00139_931230_fb.jpg,00172_931230_fa.jpg,0,0,0,0
00526_940519_fb.jpg,00806_941205_fb.jpg,0,0,0,0
00227_940128_fb.jpg,00150_940128_fa_a.jpg,0,0,0,0
00059_931230_pr.jpg,00121_931230_pr.jpg,0,0,0,0
00205_940128_hr.jpg,00205_940128_hl.jpg,1,1,1,1
00664_941121_rc.jpg,00417_940422_hr.jpg,0,0,0,0
00845_940307_hr.jpg,00845_940307_pl.jpg,1,1,0,1
00196_940128_pl.jpg,00196_940128_pr.jpg,1,1,1,1
00424_940422_fb.jpg,00130_931230_pr.jpg,0,0,0,0
00203_940128_pr.jpg,00006_931230_fb.jpg,0,0,0,0
00710_941201_hr.jpg,00826_940307_fa.jpg,0,0,0,0
00374_940422_hl.jpg,00467_940519_fb.jpg,0,0,0,0
00958_960627_fb.jpg,00958_960627_hr.jpg,1,1,1,1
00599_940928_ra.jpg,00599_940928_fb.jpg,1,1,1,1
00856_940307_pr.jpg,00120_931230_hr.jpg,0,0,0,0
00582_940928_re.jpg,00582_940928_rd.jpg,1,1,1,1
00569_940928_pr.jpg,00569_940928_ra.jpg,1,1,1,1
00288_940422_pl.jpg,00288_940422_pr.jpg,1,1,1,1
00444_940422_fa.jpg,00313_940422_pr.jpg,0,0,0,0
00656_941121_fa.jpg,00509_940519_pr_a.jpg,0,0,0,0
00068_931230_fb.jpg,00566_940928_pl.jpg,0,0,0,0
00465_940519_pl_a.jpg,00465_960627_fb.jpg,1,1,1,1
00624_940928_pr.jpg,00886_960530_rc.jpg,0,0,0,0
00585_940928_hr.jpg,00781_941205_hr.jpg,0,0,0,0
00968_960627_rb.jpg,00843_940307_hr_a.jpg,0,0,0,0
00584_941031_qr.jpg,00485_940519_hl_a.jpg,0,0,0,0
00472_960627_pl.jpg,00761_960530_pr.jpg,0,0,0,0
00249_940128_fa_a.jpg,00249_940128_hl_a.jpg,1,1,1,1
00281_940422_hl.jpg,00831_940307_fa.jpg,0,0,0,0
00684_941121_qr.jpg,00684_941121_ql.jpg,1,1,1,1
00684_941121_hr.jpg,00733_941201_hl.jpg,0,0,0,0
00735_941201_fa.jpg,00054_931230_pl_a.jpg,0,0,0,0
00849_940307_fb_a.jpg,00698_941121_fa.jpg,0,0,0,0
00478_940519_ql.jpg,00478_940519_ql.jpg,1,1,1,1
00893_960530_fa.jpg,00132_931230_fb.jpg,0,0,0,0
00214_940128_hr.jpg,00214_940128_pr.jpg,1,1,1,0
00098_931230_hr.jpg,00645_941031_hr.jpg,0,0,0,0
00873_940307_pr.jpg,00609_940928_ra.jpg,0,0,0,0
00854_940307_pl.jpg,00854_940307_fb.jpg,1,1,1,1
00105_931230_fb.jpg,00550_940519_qr.jpg,0,0,0,0
00113_931230_fa_a.jpg,00978_960627_ra.jpg,0,0,0,0
00505_960627_hr.jpg,00482_940519_pr.jpg,0,0,0,0
00110_931230_pl.jpg,00110_931230_pl.jpg,1,1,1,1
00520_940519_qr.jpg,00714_960620_pr.jpg,0,0,0,0
00942_960627_fa.jpg,00942_960627_ql.jpg,1,1,1,1
00551_940519_ql.jpg,00551_940519_pl.jpg,1,1,1,1
00318_940422_hl.jpg,00578_940928_pl.jpg,0,0,1,0
00946_960627_re.jpg,00083_940128_fa_a.jpg,0,0,0,0
00166_931230_pr.jpg,00166_931230_pl.jpg,1,1,1,0
00956_960627_fa.jpg,00956_960627_hl.jpg,1,1,1,1
00987_960627_qr.jpg,01000_960627_hr.jpg,0,0,0,0
00467_940519_pr.jpg,00470_940519_fb.jpg,0,0,0,0
00910_960530_rc.jpg,00910_960530_rc.jpg,1,1,1,1
00028_940928_hl.jpg,00028_940128_fa.jpg,1,1,1,1
00588_940307_pr.jpg,00266_940128_fb.jpg,0,0,-1,0
00466_940519_pr.jpg,00462_940422_pl.jpg,0,0,0,0
00166_931230_pl.jpg,00166_931230_pr.jpg,1,1,1,0
00873_940307_hr.jpg,00873_940307_fb.jpg,1,1,1,1
00787_960620_rb.jpg,00558_940519_pr.jpg,0,0,0,0
00005_941121_hr.jpg,00005_941121_ra.jpg,1,1,1,1
00073_931230_hl.jpg,00882_960530_pl.jpg,0,0,0,0
00176_931230_fb.jpg,00133_931230_pr.jpg,0,0,0,0
00675_941121_rd.jpg,00675_941121_fb.jpg,1,1,1,1
00159_931230_hl.jpg,00159_931230_pl.jpg,1,1,1,0
00283_940422_fb.jpg,00922_960627_rc.jpg,0,0,0,0
00896_960530_rd.jpg,00013_931230_hr.jpg,0,0,0,0
00926_960627_rd.jpg,00523_940519_fb.jpg,0,0,0,0
00991_960627_qr.jpg,00732_960530_ql_a.jpg,0,0,0,0
00150_931230_pr_a.jpg,00150_931230_fa_a.jpg,1,1,1,0
00548_940519_fa.jpg,00727_941205_pr.jpg,0,0,0,0
00875_940307_pr.jpg,00323_940422_hl.jpg,0,0,0,0
00288_940422_hr.jpg,00058_931230_hl.jpg,0,0,0,0
00612_940928_rd.jpg,00612_940928_hl.jpg,1,1,1,1
00970_960627_rc.jpg,00970_960627_hl.jpg,1,1,1,1
00325_940422_hl_a.jpg,00501_960627_re.jpg,0,0,0,0
01004_960627_pl.jpg,00882_960530_fb.jpg,0,0,0,0
00450_940422_hr.jpg,00851_940307_hr.jpg,0,0,0,0
00317_940422_fa.jpg,00681_941121_pl.jpg,0,0,0,0
00938_960627_fa.jpg,00751_941201_fa.jpg,0,0,0,0
00526_940519_hr.jpg,00903_960620_re.jpg,0,0,0,0
00860_940307_pr.jpg,00860_940307_fa.jpg,1,1,1,1
00077_931230_pl.jpg,00712_941205_fb.jpg,0,0,0,0
00413_940422_fb.jpg,00413_940422_hr.jpg,1,1,1,1
01003_960627_fb.jpg,01003_960627_hl.jpg,1,1,1,1
00879_960530_hl.jpg,00879_960530_re.jpg,1,1,1,1
00065_931230_hr.jpg,00117_931230_pr_a.jpg,0,0,0,0
00814_941205_rb.jpg,00814_941205_qr.jpg,1,1,1,1
00928_960627_fa.jpg,00928_960627_ql.jpg,1,1,1,1
00527_940519_hr.jpg,00527_940519_hl.jpg,1,1,1,1
00530_940519_ql.jpg,00937_960627_qr.jpg,0,0,0,0
00278_940422_pr.jpg,00278_940422_fb.jpg,1,1,0,0
00097_931230_hr.jpg,00339_940422_hr.jpg,0,0,0,0
00898_960530_ql.jpg,00898_960530_fb.jpg,1,1,1,1
00131_931230_pl.jpg,00765_941201_fa.jpg,0,0,0,0
00056_931230_fb.jpg,00056_931230_pr.jpg,1,1,1,0
00102_931230_pr.jpg,00102_931230_pl.jpg,1,1,-1,0
00582_940928_hl.jpg,00849_940307_pl_a.jpg,0,0,0,0
00184_940128_fa.jpg,00184_940128_pl.jpg,1,1,1,1
00421_940422_hl.jpg,00148_931230_hr.jpg,0,0,0,0
00193_940928_fb.jpg,00193_940128_pl.jpg,1,1,1,0
00642_941121_ra.jpg,00133_931230_fb.jpg,0,0,0,0
00866_940307_pl.jpg,00508_960627_pl.jpg,0,0,0,0
00873_940307_fb.jpg,00719_960620_hr.jpg,0,0,0,0
00237_940128_fa.jpg,00178_931230_pr.jpg,0,0,0,0
00644_941031_fb.jpg,00130_931230_fb.jpg,0,0,0,0
00610_940928_pl.jpg,00741_941201_pr.jpg,0,0,0,0
00621_941121_pl.jpg,00621_941121_qr.jpg,1,1,1,1
00050_931230_fa.jpg,00329_940422_pr.jpg,0,0,0,0
00931_960627_hl.jpg,00931_960627_ra.jpg,1,1,1,1
00730_960530_rd.jpg,00730_960530_re.jpg,1,1,1,1
00217_940128_pr_a.jpg,00217_940128_pl_a.jpg,1,1,1,1
00921_960627_ra.jpg,00653_941031_rb.jpg,0,0,0,0
00200_940128_pl.jpg,00200_940128_pr.jpg,1,1,1,1
00978_960627_pl.jpg,00978_960627_ql.jpg,1,1,1,1
00587_940928_pl.jpg,00587_940928_hr.jpg,1,1,1,1
00311_940422_hl.jpg,00412_940422_pl.jpg,0,0,0,0
00764_941201_rc.jpg,00764_941201_hl.jpg,1,1,1,1
00967_960627_hl.jpg,00967_960627_hr.jpg,1,1,1,1
00387_940422_hr.jpg,00358_940422_hl.jpg,0,0,0,0
00841_940307_hr.jpg,00841_940307_fa.jpg,1,1,1,1
00048_931230_fa_a.jpg,00048_931230_fa_a.jpg,1,1,1,1
00707_941205_pl.jpg,00794_960620_ql.jpg,0,0,0,0
00361_940422_fa.jpg,00167_931230_hr.jpg,0,0,0,0
00819_940307_hl.jpg,00086_931230_fa.jpg,0,0,0,0
00467_940519_pr.jpg,00467_940519_qr.jpg,1,1,1,0
00616_941031_hr.jpg,00616_941031_hl.jpg,1,1,1,1
00457_940422_pl.jpg,00101_931230_hr.jpg,0,0,0,0
00953_960627_pl.jpg,00953_960627_pl.jpg,1,1,1,1
00462_940422_pr_a.jpg,00246_940128_fa.jpg,0,0,0,0
00156_931230_fb_a.jpg,00222_940128_pl.jpg,0,0,0,0
00070_941121_pl.jpg,00070_941031_pr.jpg,1,1,1,1
00843_940307_fb_a.jpg,00843_940307_fb_a.jpg,1,1,1,1
01005_960627_qr.jpg,00266_940128_hl.jpg,0,0,0,0
00818_940307_hr.jpg,00549_940519_qr.jpg,0,0,0,0
00999_960627_pl.jpg,00999_960627_hl.jpg,1,1,1,1
00126_931230_fb.jpg,00668_941121_fa.jpg,0,0,0,0
00715_941205_hl.jpg,00924_960627_hr.jpg,0,0,0,0
00705_941201_rc.jpg,00655_941031_rd.jpg,0,0,0,0
00967_960627_fa.jpg,00168_931230_hl_a.jpg,0,0,0,0
00358_940422_fb.jpg,00358_940422_pr.jpg,1,1,-1,0
00716_941205_ql.jpg,00447_940422_pl.jpg,0,0,0,0
00304_940422_fa.jpg,00304_940422_fa.jpg,1,1,1,1
00246_940128_fa.jpg,00246_940128_fb.jpg,1,1,1,1
00408_940422_fa.jpg,00408_940422_fa.jpg,1,1,1,1
00134_931230_pr_a.jpg,00134_931230_pl_a.jpg,1,1,1,1
00639_941031_hl.jpg,00639_941031_qr.jpg,1,1,1,1
00508_940519_ql.jpg,00107_941121_pl.jpg,0,0,0,0
00503_940519_hl_a.jpg,00503_940519_ql.jpg,1,1,1,1
00309_940422_fb.jpg,00309_940422_pl.jpg,1,1,1,1
00294_940422_pl.jpg,00643_941031_qr.jpg,0,0,0,0
01006_960627_ql.jpg,00349_940422_hl.jpg,0,0,0,0
00393_940422_pl_a.jpg,00393_940422_fa.jpg,1,1,1,0
00944_960627_hl.jpg,00944_960627_pl.jpg,1,1,1,1
00685_941121_hl.jpg,00685_941121_hr.jpg,1,1,1,1
00234_940128_pl.jpg,00234_940128_hr.jpg,1,1,1,0
00387_940422_hl.jpg,00380_940422_fa.jpg,0,0,0,0
00998_960627_pl.jpg,00998_960627_rc.jpg,1,1,1,0
00622_940928_rd.jpg,00474_960627_ql.jpg,0,0,0,0
00711_941201_hr.jpg,00711_960530_fa.jpg,1,1,1,1
00865_940307_fa_a.jpg,00318_940422_fb.jpg,0,0,0,0
00210_940422_fb.jpg,00210_940422_fa.jpg,1,1,1,1
00182_931230_fb.jpg,00176_931230_pl.jpg,0,0,0,0
01011_960627_pr.jpg,00599_940928_fa.jpg,0,0,0,0
00897_960530_hl.jpg,00810_960620_ra.jpg,0,0,0,0
00476_940519_hr_a.jpg,00476_940519_fb.jpg,1,1,1,1
00215_940128_hr_a.jpg,00902_960530_hr.jpg,0,0,0,0
00341_940422_fb.jpg,00636_941031_rb.jpg,0,0,0,0
00793_941205_hr.jpg,00793_941205_rc.jpg,1,1,1,1
00106_931230_pr_a.jpg,00106_931230_pr_a.jpg,1,1,1,1
00202_940128_fb.jpg,00901_960530_hr.jpg,0,0,0,0
00834_940307_pl.jpg,00744_941201_ql.jpg,0,0,0,0
00654_941031_qr.jpg,00654_941031_ql.jpg,1,1,1,1
00573_940928_ql.jpg,00573_940928_fb.jpg,1,1,1,1
00831_940307_fa.jpg,00831_940307_hr.jpg,1,1,1,1
00420_940422_fb.jpg,00898_960530_rb.jpg,0,0,0,0
00619_940928_pr.jpg,00619_940928_fb.jpg,1,1,1,1
00427_940422_fb.jpg,00333_940422_hl.jpg,0,0,0,0
01004_960627_fa.jpg,01004_960627_fa.jpg,1,1,1,1
00534_940519_fb.jpg,00752_960620_fa.jpg,0,0,0,0
00646_941031_hr.jpg,00646_941031_ql.jpg,1,1,1,1
00895_960530_re.jpg,00895_960530_pr.jpg,1,1,1,1
00541_940519_pr.jpg,00966_960627_rd.jpg,0,0,0,0
00390_940422_pl.jpg,00678_941121_rc.jpg,0,0,0,0
00593_940928_rb.jpg,00593_940928_qr.jpg,1,1,1,1
00504_940519_hl.jpg,00504_940519_ql.jpg,1,1,1,1
00817_941205_rb.jpg,00118_931230_hr_a.jpg,0,0,0,0
01005_960627_qr.jpg,01005_960627_rc.jpg,1,1,1,1
00115_931230_pr.jpg,00285_940422_fa.jpg,0,0,0,0
00746_941201_ra.jpg,00503_940519_pl.jpg,0,0,0,0
00228_940128_fb_a.jpg,00948_960627_pl.jpg,0,0,0,0
00712_941201_pr.jpg,00712_941201_qr.jpg,1,1,1,1
00667_941121_qr.jpg,00667_941121_ra.jpg,1,1,1,1
00826_940307_fa.jpg,00826_940307_hr.jpg,1,1,1,1
00314_940422_hl.jpg,00243_940128_fa.jpg,0,0,0,0
00492_940519_hl.jpg,00619_940928_rd.jpg,0,0,0,0
00618_941031_pr.jpg,00223_940128_hl.jpg,0,0,0,0
00457_940422_pr.jpg,00059_931230_pr.jpg,0,0,0,0
00927_960627_fa.jpg,00927_960627_ql.jpg,1,1,1,1
00341_940422_fb.jpg,00341_940422_hl.jpg,1,1,1,1
00678_941121_qr.jpg,00678_941121_ql.jpg,1,1,1,1
00392_940422_pl.jpg,00594_940928_fb.jpg,0,0,0,0
00996_960627_hl.jpg,00996_960627_pl.jpg,1,1,1,1
00192_940128_hl.jpg,00169_931230_fa_a.jpg,0,0,0,0
00249_940128_fb_a.jpg,00249_940128_hl_a.jpg,1,1,1,1
00918_960620_pr.jpg,00805_941205_fb.jpg,0,0,0,0
00587_940928_fa.jpg,00889_960530_re.jpg,0,0,0,0
00403_940422_hr.jpg,00403_940422_hl.jpg,1,1,1,1
00997_960627_hl.jpg,00997_960627_hr.jpg,1,1,1,1
00197_940128_pr.jpg,00197_940128_pl.jpg,1,1,1,1
00072_931230_hr.jpg,00681_941121_fb.jpg,0,0,0,0
00383_941031_fb.jpg,00479_940519_pr.jpg,0,0,0,0
00095_940128_fb.jpg,00408_940422_hr.jpg,0,0,0,0
00911_960530_hl.jpg,00911_960530_ql.jpg,1,1,1,1
00953_960627_hr.jpg,00734_941201_pr.jpg,0,0,0,0
00133_931230_hr.jpg,00133_931230_hr.jpg,1,1,1,1
00575_940928_fb.jpg,00953_960627_ra.jpg,0,0,0,0
00112_931230_hr.jpg,00925_960627_pr.jpg,0,0,0,0
00109_931230_hr.jpg,00413_940422_pl.jpg,0,0,0,0
00352_940422_hr.jpg,00541_940519_pr.jpg,0,0,0,0
00578_940928_fb.jpg,00578_940928_ra.jpg,1,1,1,1
00137_931230_hr_a.jpg,00367_940422_pr.jpg,0,0,0,0
00080_931230_fb.jpg,00080_931230_fa.jpg,1,1,1,1
00451_940422_fa.jpg,00737_941201_fb.jpg,0,0,0,0
00960_960627_pr.jpg,00959_960627_rc.jpg,0,0,0,0
00757_941201_ql.jpg,00580_940928_fa.jpg,0,0,0,0
00813_941205_pl.jpg,00813_941205_pl.jpg,1,1,1,1
00072_931230_fa.jpg,00906_960530_qr.jpg,0,0,0,0
00247_940128_pl.jpg,00247_941121_fb.jpg,1,1,1,1
00474_940519_hl.jpg,00266_940128_pl.jpg,0,0,0,0
00336_940422_pr.jpg,00336_940422_fa.jpg,1,1,1,1
00185_940128_hl.jpg,00185_940128_fa.jpg,1,1,1,1
00958_960627_hr.jpg,00002_931230_pr.jpg,0,0,0,0
00842_940307_hl.jpg,00842_940307_pl.jpg,1,1,1,1
00955_960627_qr.jpg,00811_941205_ra.jpg,0,0,0,0
00156_931230_hr_a.jpg,00167_931230_fb.jpg,0,0,0,0
00716_941201_rc.jpg,00104_931230_pr.jpg,0,0,0,0
00090_931230_pl.jpg,00090_931230_hr.jpg,1,1,1,1
00841_940307_fb.jpg,00841_940307_fa.jpg,1,1,1,1
00568_941031_ql.jpg,00146_941201_rd.jpg,0,0,0,0
00254_941121_re.jpg,00853_940307_hr.jpg,0,0,0,0
00207_940128_pr.jpg,00941_960627_fa.jpg,0,0,0,0
00964_960627_qr.jpg,00434_940422_fa.jpg,0,0,0,0
00612_940928_ql.jpg,00612_940928_re.jpg,1,1,1,1
00779_960530_pl.jpg,01005_960627_fa.jpg,0,0,0,0
00535_940519_fa.jpg,00489_940519_pr.jpg,0,0,0,0
00384_940422_fb.jpg,00384_940422_pl.jpg,1,1,-1,0
00387_940422_pl.jpg,00893_960530_qr.jpg,0,0,-1,0
00826_940307_hr.jpg,00826_940307_fb.jpg,1,1,1,1
00677_941121_ra.jpg,00112_931230_pl.jpg,0,0,0,0
00628_940928_ql.jpg,00415_940422_hl.jpg,0,0,0,0
00999_960627_pl.jpg,00999_960627_rb.jpg,1,1,1,1
00995_960627_ql.jpg,00995_960627_rb.jpg,1,1,1,1
00234_940128_hl.jpg,00234_940128_pl.jpg,1,1,1,1
00566_940928_rd.jpg,00416_940422_fb.jpg,0,0,0,0
00950_960627_rc.jpg,00950_960627_re.jpg,1,1,1,1
00740_941205_pr.jpg,00040_931230_pl.jpg,0,0,0,0
00409_940422_pr.jpg,00409_940422_fb.jpg,1,1,1,1
00524_940519_pr.jpg,00782_941205_qr.jpg,0,0,0,0
00507_940519_ql_a.jpg,00507_940519_pl.jpg,1,1,1,1
00948_960627_hr.jpg,00948_960627_hr.jpg,1,1,1,1
00788_941205_hl.jpg,00117_931230_pr_a.jpg,0,0,0,0
00427_940422_pl.jpg,00091_931230_fa.jpg,0,0,0,0
00703_941205_pl.jpg,00166_931230_hr.jpg,0,0,0,0
00749_941201_hl.jpg,00813_941205_ra.jpg,0,0,0,0
00238_940128_fa.jpg,00238_940128_pl.jpg,1,1,1,0
00885_960530_pr.jpg,00885_960530_pl.jpg,1,1,1,0
00157_940128_hr_a.jpg,00376_940422_hr.jpg,0,0,0,0
00860_940307_pr.jpg,00082_931230_hr.jpg,0,0,0,0
00618_941031_fb.jpg,00788_941205_rb.jpg,0,0,0,0
00118_931230_hr_a.jpg,00118_931230_fa_a.jpg,1,1,1,1
00130_931230_pl.jpg,00130_931230_pl.jpg,1,1,1,1
00984_960627_fa.jpg,00173_931230_pr_a.jpg,0,0,0,0
01006_960627_fa.jpg,01006_960627_rd.jpg,1,1,1,1
00746_941201_qr.jpg,00152_931230_fb.jpg,0,0,0,0
00676_941121_pl.jpg,01009_960627_fa.jpg,0,0,0,0
00953_960627_ql.jpg,00953_960627_rc.jpg,1,1,1,1
00380_940422_pr.jpg,00380_940422_fb.jpg,1,1,0,1
00136_931230_pl.jpg,00136_931230_pr.jpg,1,1,-1,1
00440_940422_hr.jpg,00440_940422_fa.jpg,1,1,1,1
00807_960530_qr.jpg,00693_941121_pl.jpg,0,0,0,0
00047_931230_fa.jpg,00776_941205_re.jpg,0,0,0,0
00058_931230_pl.jpg,00632_940928_pr.jpg,0,0,-1,0
00193_940928_hl.jpg,00445_940422_fa.jpg,0,0,0,0
00567_940928_fb.jpg,00304_940422_pl.jpg,0,0,0,0
00488_940519_pl.jpg,00546_940519_fb.jpg,0,0,0,0
00235_940128_pr.jpg,00475_940519_qr.jpg,0,0,0,0
00805_941205_ql.jpg,00805_941205_fa.jpg,1,1,1,1
00496_940519_fb.jpg,00556_940519_fa_a.jpg,0,0,0,0
00796_941205_fa.jpg,00053_931230_fb.jpg,0,0,0,0
00705_960530_ql.jpg,00705_960530_ra.jpg,1,1,1,1
00538_940519_ql_a.jpg,00538_940519_hr_a.jpg,1,1,1,1
00264_940128_pl.jpg,00743_960530_hr.jpg,0,0,0,0
00925_960627_fb.jpg,00925_960627_ql.jpg,1,1,1,1
00591_940928_hl.jpg,00591_940928_pr.jpg,1,1,1,1
00513_940519_hl_a.jpg,00513_940519_pr.jpg,1,1,1,1
00992_960627_pr.jpg,00433_940422_pl.jpg,0,0,0,0
00773_941201_pl.jpg,00609_940928_rb.jpg,0,0,0,0
00608_940928_fb.jpg,00725_941201_pr.jpg,0,0,0,0
00101_931230_fb.jpg,00101_931230_fb.jpg,1,1,1,1
00353_940422_hr.jpg,00353_940422_fb.jpg,1,1,1,1
00626_940928_ql.jpg,00184_940422_fb.jpg,0,0,0,0
00723_941201_rc.jpg,00723_941201_ql.jpg,1,1,1,1
00442_940422_hl.jpg,00386_940422_fb.jpg,0,0,0,0
00950_960627_re.jpg,00950_960627_qr.jpg,1,1,1,1
00376_940422_fb.jpg,00674_941121_pr.jpg,0,0,0,0
00486_940519_qr.jpg,00145_931230_pl.jpg,0,0,0,0
00783_941205_rc.jpg,00783_941205_pr.jpg,1,1,1,1
00487_940519_pr.jpg,00997_960627_pr.jpg,0,0,0,0
00983_960627_ql.jpg,00983_960627_fa.jpg,1,1,1,1
00777_941205_qr.jpg,00777_941205_hl.jpg,1,1,1,1
00100_931230_pr_a.jpg,00100_931230_fb_a.jpg,1,1,1,0
00317_940422_pr.jpg,00308_940422_fa.jpg,0,0,0,0
00582_940928_fa.jpg,00468_960530_pr.jpg,0,0,0,0
00111_931230_fb.jpg,00309_940422_fb.jpg,0,0,0,0
00824_940307_fa.jpg,00824_940307_fb.jpg,1,1,1,1
00794_960530_rc.jpg,00794_960620_pr.jpg,1,1,1,1
00231_940128_hl.jpg,00231_940128_fb.jpg,1,1,1,1
00418_940422_fa.jpg,00418_940422_pl.jpg,1,1,1,1
00394_940422_pl.jpg,00394_940422_pr.jpg,1,1,1,0
00421_940422_hl.jpg,00421_940422_fa.jpg,1,1,1,1
00672_941121_rd.jpg,00422_940422_fb.jpg,0,0,0,0
00083_931230_pr_a.jpg,00364_940422_pr.jpg,0,0,0,0
00634_940928_pr.jpg,00634_940928_qr.jpg,1,1,1,1
00116_931230_fa.jpg,00857_940307_fb.jpg,0,0,0,0
00311_940422_fa.jpg,00311_940422_hr.jpg,1,1,1,1
00571_940928_pl.jpg,00571_940928_rc.jpg,1,1,1,0
00624_940928_fa.jpg,00344_940422_fa.jpg,0,0,0,0
00201_940128_hr.jpg,00511_940519_hr.jpg,0,0,0,0
00295_940422_hr.jpg,00597_940928_pr.jpg,0,0,0,0
00380_940422_pl.jpg,00380_940422_fb.jpg,1,1,0,1
00297_940422_fb.jpg,00297_940422_hl.jpg,1,1,1,1
00732_960530_fb.jpg,00732_941201_rb.jpg,1,1,1,1
00635_941031_hl.jpg,00293_940422_fa.jpg,0,0,0,0
00945_960627_fa.jpg,00849_940307_pl_a.jpg,0,0,0,0
00938_960627_pl.jpg,00938_960627_pr.jpg,1,1,1,1
00917_960620_ra.jpg,00384_940422_pl.jpg,0,0,-1,0
00051_931230_fb.jpg,00705_960530_pl.jpg,0,0,0,0
00142_931230_pl.jpg,00635_941031_rd.jpg,0,0,0,0
00167_931230_pr.jpg,00167_931230_hr.jpg,1,1,1,1
00900_960530_ql.jpg,00900_960620_pr.jpg,1,1,1,1
00399_940422_hl.jpg,00252_940128_fa_a.jpg,0,0,0,0
00894_960620_pl.jpg,00900_960620_re.jpg,0,0,0,0
00728_941201_hl.jpg,00728_941201_qr.jpg,1,1,1,1
00799_941205_rb.jpg,00799_941205_pl.jpg,1,1,1,1
00667_941121_pl.jpg,00667_941121_hr.jpg,1,1,1,1
00254_941121_fb.jpg,00254_941121_pl.jpg,1,1,1,1
00890_960530_fa.jpg,00916_960620_ql.jpg,0,0,0,0
00931_960627_fa.jpg,00931_960627_fa.jpg,1,1,1,1
00251_940128_hl.jpg,00833_940307_fb.jpg,0,0,0,0
00582_940928_qr.jpg,00374_940422_hl.jpg,0,0,0,0
00738_941201_rb.jpg,00738_941201_pr.jpg,1,1,1,1
00340_940422_pl.jpg,00340_940422_hl.jpg,1,1,1,1
00930_960627_pr.jpg,00046_931230_pl.jpg,0,0,0,0
00095_931230_hr.jpg,00399_940422_pl.jpg,0,0,0,0
00648_941121_pr.jpg,00648_941031_hl.jpg,1,1,1,1
00829_940307_hr.jpg,00616_940928_qr.jpg,0,0,1,0
00873_940307_fb.jpg,00873_940307_pr.jpg,1,1,1,0
00539_940519_hr.jpg,00539_940519_ql.jpg,1,1,1,1
00514_940519_hr_a.jpg,00514_940519_fa.jpg,1,1,1,1
00288_940422_fa.jpg,00086_940422_pr.jpg,0,0,0,0
00918_960620_rb.jpg,00918_960620_hl.jpg,1,1,1,1
00359_940422_fb.jpg,00253_940128_hr.jpg,0,0,0,0
00695_941121_hl.jpg,00695_941121_rb.jpg,1,1,1,1
00178_931230_hr.jpg,00790_941205_fb.jpg,0,0,0,0
00233_940128_pr_a.jpg,00233_940128_pl_a.jpg,1,1,1,1
00673_941121_rc.jpg,00673_941121_qr.jpg,1,1,1,1
00275_940422_fa.jpg,00275_940422_fb.jpg,1,1,1,1
00813_941205_hr.jpg,00813_941205_pl.jpg,1,1,1,1
01002_960627_rc.jpg,01002_960627_rc.jpg,1,1,1,1
00279_940422_fb.jpg,00279_940422_hr.jpg,1,1,1,1
00895_960530_pl.jpg,00646_941031_hr.jpg,0,0,0,0
00866_940307_hr.jpg,00866_940307_fb.jpg,1,1,1,1
00513_940519_hl.jpg,00275_940422_fa.jpg,0,0,0,0
00082_931230_fb.jpg,00918_960620_rb.jpg,0,0,0,0
00186_940128_pl_a.jpg,00710_941201_hl.jpg,0,0,-1,0
00148_931230_pl.jpg,00186_940128_hr_a.jpg,0,0,0,0
00454_940422_pl.jpg,00156_931230_fa_a.jpg,0,0,0,0
00724_941201_fa.jpg,00724_960530_pr.jpg,1,1,1,0
00502_940519_hl.jpg,00502_940519_hl_a.jpg,1,1,1,1
00238_940128_pl.jpg,00238_940128_pr.jpg,1,1,1,1
00762_941205_hr.jpg,00856_940307_fb.jpg,0,0,0,0
00566_940928_fb.jpg,00281_940422_pr.jpg,0,0,0,0
00680_941121_pr.jpg,00680_941121_rd.jpg,1,1,1,1
00188_940128_hr.jpg,00341_940422_hr.jpg,0,0,0,0
00847_940307_pl.jpg,00684_941121_pr.jpg,0,0,0,0
00941_960627_pl.jpg,00941_960627_hr.jpg,1,1,1,1
00561_940519_pl.jpg,00561_940519_fa.jpg,1,1,1,1
00105_931230_fa.jpg,00105_931230_pl.jpg,1,1,1,0
00557_940519_fb.jpg,00557_940519_ql.jpg,1,1,1,1
00342_940422_pl.jpg,00342_940422_fa.jpg,1,1,1,0
00215_940128_pl_a.jpg,00215_940128_pl_a.jpg,1,1,1,1
00172_931230_fa.jpg,00172_931230_pr.jpg,1,1,1,1
00551_940519_qr.jpg,00551_940519_ql.jpg,1,1,1,1
00229_940128_hl.jpg,00426_940422_hl.jpg,0,0,0,0
00285_940422_fb.jpg,00411_940422_hl.jpg,0,0,0,0
00900_960530_qr.jpg,00123_931230_pl.jpg,0,0,-1,0
00968_960627_pl.jpg,00968_960627_qr.jpg,1,1,1,0
00201_940128_fb.jpg,00201_940128_hr.jpg,1,1,1,1
00640_941031_hl.jpg,00640_941031_qr.jpg,1,1,1,1
00921_960627_hl.jpg,00921_960627_hl.jpg,1,1,1,1
00623_940928_rb.jpg,00623_940928_fa.jpg,1,1,1,1
00593_940928_qr.jpg,00593_941031_hl.jpg,1,1,1,1
01208_940128_hr_a.jpg,00349_940422_hr.jpg,0,0,0,0
00792_941205_hl.jpg,00074_931230_fa_a.jpg,0,0,0,0
00911_960530_pr.jpg,00911_960530_pl.jpg,1,1,1,0
00796_941205_ql.jpg,00343_940422_fa.jpg,0,0,0,0
00684_941121_fa.jpg,00684_941121_fa.jpg,1,1,1,1
00758_941201_fb.jpg,00088_931230_pl_a.jpg,0,0,0,0
00596_941121_re.jpg,00596_941121_ql.jpg,1,1,1,1
00194_940128_pr.jpg,00102_931230_pl.jpg,0,0,-1,0
00920_960627_rc.jpg,00838_940307_pl.jpg,0,0,0,0
00088_931230_pr_a.jpg,00792_941205_fa.jpg,0,0,0,0
00178_931230_pl.jpg,00178_931230_hr.jpg,1,1,1,0
00718_941201_ra.jpg,00180_931230_hr.jpg,0,0,0,0
00990_960627_rd.jpg,00990_960627_qr.jpg,1,1,1,1
00643_941031_rc.jpg,00643_941031_hr.jpg,1,1,1,1
00455_940422_pl.jpg,00775_960530_rd.jpg,0,0,0,0
00481_940519_hr.jpg,00481_940519_fb.jpg,1,1,1,1
00883_960530_qr.jpg,00867_940307_fb_a.jpg,0,0,0,0
00977_960627_qr.jpg,00700_941121_fa.jpg,0,0,0,0
00209_940128_fb.jpg,00148_931230_fa.jpg,0,0,0,0
00099_931230_pl_a.jpg,00099_931230_fb_a.jpg,1,1,1,0
00250_940128_pr.jpg,00250_940128_fa.jpg,1,1,1,1
00898_960530_pr.jpg,00898_960530_fb.jpg,1,1,1,1
00568_941031_ql.jpg,00289_940422_fb.jpg,0,0,0,0
00502_940519_fb_a.jpg,00949_960627_rc.jpg,0,0,0,0
00119_931230_fb.jpg,00717_941205_rc.jpg,0,0,0,0
00342_940422_pr.jpg,00342_940422_fa.jpg,1,1,1,0
00568_940928_pl.jpg,00792_941205_ra.jpg,0,0,0,0
00570_940928_rc.jpg,00739_941201_fb.jpg,0,0,0,0
01005_960627_fb.jpg,01005_960627_pl.jpg,1,1,1,0
00880_960530_fa.jpg,00504_940519_hl.jpg,0,0,0,0
00493_940519_ql.jpg,00062_931230_fb.jpg,0,0,0,0
00547_940519_qr_a.jpg,00547_940519_fa_b.jpg,1,1,1,1
00822_940307_pl.jpg,00822_940307_fb.jpg,1,1,1,1
00441_940422_fb.jpg,00441_940422_pr.jpg,1,1,1,1
00427_940422_fb.jpg,00427_940422_fb.jpg,1,1,1,1
00900_960620_hl.jpg,00900_960620_hl.jpg,1,1,1,1
00719_960620_qr.jpg,00719_941201_rc.jpg,1,1,1,1
00336_940422_pr.jpg,00584_940928_ql.jpg,0,0,0,0
00404_940422_hr.jpg,00877_960530_ql.jpg,0,0,0,0
00668_941121_ra.jpg,00668_941121_fa.jpg,1,1,1,1
00221_940128_fa.jpg,00982_960627_qr.jpg,0,0,0,0
00761_960620_pl.jpg,00761_960620_rb.jpg,1,1,1,1
00788_941205_qr.jpg,00788_941205_ra.jpg,1,1,1,1
00671_941121_fa.jpg,00671_941121_pl.jpg,1,1,1,1
00758_960530_pr.jpg,00054_931230_hl_a.jpg,0,0,0,0
00611_940928_pr.jpg,00611_940928_ra.jpg,1,1,1,1
00813_941205_pr.jpg,00813_941205_rb.jpg,1,1,1,1
00603_940928_ql.jpg,01002_960627_pl.jpg,0,0,0,0
00888_960530_qr.jpg,00888_960530_fb.jpg,1,1,1,1
00662_941121_pl.jpg,00662_941121_fa.jpg,1,1,1,1
00797_941205_rd.jpg,00085_931230_fa.jpg,0,0,0,0
00719_941201_hl.jpg,00719_960620_ql.jpg,1,1,1,1
00338_940422_fa.jpg,00874_940307_fb.jpg,0,0,0,0
00750_941205_ql.jpg,00750_941201_ql.jpg,1,1,1,1
00145_931230_fb.jpg,00672_941121_rc.jpg,0,0,0,0
00528_940519_fb.jpg,00498_940519_pr.jpg,0,0,0,0
00104_931230_hr.jpg,00104_931230_fb.jpg,1,1,1,1
00764_941201_re.jpg,00568_941031_re.jpg,0,0,0,0
00839_940307_hr.jpg,00948_960627_fb.jpg,0,0,0,0
00195_940128_fa.jpg,00550_940519_hr.jpg,0,0,0,0
00776_941205_fa.jpg,00776_941205_ql.jpg,1,1,1,1
00365_940422_fb.jpg,00365_940422_fb.jpg,1,1,1,1
00184_940422_hl.jpg,00438_940422_pr.jpg,0,0,0,0
00527_940519_hl.jpg,00527_940519_hr.jpg,1,1,1,1
00799_941205_fa.jpg,00538_940519_pr.jpg,0,0,0,0
00956_960627_hr.jpg,00280_940422_fa.jpg,0,0,0,0
00124_931230_fa.jpg,00124_931230_pl.jpg,1,1,1,1
00403_940422_pr.jpg,00733_941201_hr.jpg,0,0,0,0
00908_960530_hr.jpg,00908_960530_rb.jpg,1,1,1,1
00553_940519_qr.jpg,00553_940519_fa_a.jpg,1,1,1,1
00440_940422_hr.jpg,00531_940519_fa.jpg,0,0,0,0
00815_941205_ra.jpg,00815_941205_hr.jpg,1,1,1,1
00719_960620_pl.jpg,00495_940519_ql.jpg,0,0,0,0
00980_960627_fb.jpg,00117_931230_pl_a.jpg,0,0,0,0
00778_941205_pl.jpg,00778_941205_hr.jpg,1,1,1,1
00605_940928_hr.jpg,00605_941031_fa.jpg,1,1,1,1
00629_940928_rc.jpg,00878_960530_fa.jpg,0,0,0,0
00418_940422_pr.jpg,00412_940422_hl.jpg,0,0,0,0
00632_940928_pl.jpg,00105_931230_fb.jpg,0,0,0,0
00723_941201_fa.jpg,00723_941201_hl.jpg,1,1,1,1
00738_941201_fb.jpg,00738_941201_qr.jpg,1,1,1,1
00237_940128_fa.jpg,00237_940128_fa.jpg,1,1,1,1
00909_960530_fb.jpg,00909_960530_qr.jpg,1,1,1,1
00287_940422_hl_a.jpg,00362_940422_fa.jpg,0,0,0,0
00394_940422_pl.jpg,00394_940422_fb.jpg,1,1,1,1
00171_931230_pr.jpg,00191_940128_pr.jpg,0,0,-1,0
00614_941031_rc.jpg,00257_940128_pl.jpg,0,0,-1,0
00624_940928_hl.jpg,00486_940519_fa.jpg,0,0,0,0
00943_960627_ra.jpg,00330_940422_hr.jpg,0,0,0,0
00415_940422_hr.jpg,00350_940422_fb.jpg,0,0,0,0
00525_940519_fb.jpg,00525_940519_pr.jpg,1,1,1,1
00882_960530_rc.jpg,00882_960530_ql.jpg,1,1,1,1
00884_960530_pl.jpg,00884_960530_ra.jpg,1,1,1,0
00983_960627_hr.jpg,00983_960627_pr.jpg,1,1,1,1
00441_940422_hr.jpg,00441_940422_hr.jpg,1,1,1,1
00212_940128_hr_a.jpg,00242_940128_fa.jpg,0,0,0,0
00290_940422_pr.jpg,00290_940422_pl.jpg,1,1,1,1
00697_941121_qr.jpg,00697_941121_pl.jpg,1,1,1,1
00826_940307_pl.jpg,00548_940519_fb.jpg,0,0,0,0
00617_940928_fa.jpg,00081_940928_fb.jpg,0,0,0,0
00911_960530_pl.jpg,00911_960530_ql.jpg,1,1,1,0
00109_931230_fa.jpg,00109_931230_pr.jpg,1,1,-1,1
00799_941205_rc.jpg,00799_941205_fb.jpg,1,1,1,1
00887_960530_hr.jpg,00887_960530_pr.jpg,1,1,1,1
00129_931230_hr.jpg,00129_931230_hr.jpg,1,1,1,1
00148_931230_hr.jpg,00148_931230_pl.jpg,1,1,1,0
00843_940307_pr_a.jpg,00843_940307_pl_a.jpg,1,1,-1,0
00824_940307_pl.jpg,00824_940307_pr.jpg,1,1,1,1
00158_931230_fb.jpg,00158_931230_fa.jpg,1,1,1,1
00233_940128_pl_a.jpg,00591_940928_qr.jpg,0,0,0,0
00883_960530_hl.jpg,00129_931230_pl.jpg,0,0,0,0
00243_940128_hr.jpg,00165_931230_pl_a.jpg,0,0,0,0
00841_940307_pr.jpg,00841_940307_hl.jpg,1,1,1,1
00419_940422_fb.jpg,00419_940422_pl.jpg,1,1,1,0
00716_941205_pr.jpg,00423_940422_pl.jpg,0,0,0,0
00076_931230_pl.jpg,00216_940128_pr.jpg,0,0,-1,0
00064_931230_hr.jpg,00064_931230_fa.jpg,1,1,1,1
00613_940928_hl.jpg,00545_940519_fa_a.jpg,0,0,0,0
00333_940422_hr.jpg,00333_940422_fb.jpg,1,1,1,1
00914_960620_fa.jpg,00754_941201_hr.jpg,0,0,0,0
00028_940128_pr.jpg,00028_940928_fa.jpg,1,1,1,1
00466_940519_qr.jpg,00466_940519_pr.jpg,1,1,1,1
00352_940422_pr.jpg,00562_940928_hl.jpg,0,0,0,0
00278_940422_hr.jpg,00278_940422_hl.jpg,1,1,1,1
00399_940422_fa.jpg,00399_940422_hr.jpg,1,1,1,1
00020_931230_pr.jpg,00020_931230_fb.jpg,1,1,1,1
00135_931230_fa_a.jpg,00135_931230_hr_a.jpg,1,1,1,1
00449_940422_fa.jpg,00449_940422_pr.jpg,1,1,0,0
00673_941121_ql.jpg,00222_940128_hl.jpg,0,0,0,0
00256_940128_pr.jpg,00256_940128_pr.jpg,1,1,1,1
00457_940422_hl.jpg,00457_940422_fb.jpg,1,1,1,1
00631_940928_rb.jpg,00660_941121_qr.jpg,0,0,0,0
00074_931230_hl_a.jpg,00909_960530_rb.jpg,0,0,0,0
00412_940422_pl.jpg,00412_940422_hr.jpg,1,1,1,1
00563_940928_fb.jpg,00268_960530_pr.jpg,0,0,0,0
00222_940128_pr.jpg,00503_940519_pl_a.jpg,0,0,0,0
00316_940422_pl.jpg,00316_940422_hr.jpg,1,1,0,0
00350_940422_fa.jpg,00493_940519_ql.jpg,0,0,0,0
00632_940928_fa.jpg,00333_940422_hr.jpg,0,0,0,0
00371_940422_pl.jpg,00371_940422_pr_a.jpg,1,1,1,0
00451_940422_pr.jpg,00451_940422_fa.jpg,1,1,1,0
00521_940519_pl_a.jpg,00029_960530_pr.jpg,0,0,0,0
00006_931230_fb.jpg,00402_940422_pl.jpg,0,0,0,0
00726_941201_ql.jpg,00726_941201_fa.jpg,1,1,1,1
00799_941205_hr.jpg,00218_940128_pl.jpg,0,0,0,0
00028_940128_fb.jpg,00646_941031_pl.jpg,0,0,0,0
00484_940519_pl.jpg,00503_940519_pl.jpg,0,0,0,0
00040_931230_fb.jpg,00040_931230_fb.jpg,1,1,1,1
00364_940422_pr.jpg,00364_940422_fa.jpg,1,1,1,0
00093_941121_ql.jpg,00093_941031_rc.jpg,1,1,1,1
00750_941201_qr.jpg,00750_960530_rd.jpg,1,1,1,1
00349_940422_pl.jpg,00349_940422_hl.jpg,1,1,1,0
00527_940519_fa.jpg,00666_941121_pl.jpg,0,0,0,0
00084_931230_pr.jpg,00084_931230_hr.jpg,1,1,1,1
00418_940422_fa.jpg,00418_940422_fa.jpg,1,1,1,1
00085_931230_pl.jpg,00409_940422_fb.jpg,0,0,-1,0
00889_960530_rd.jpg,00768_941201_rc.jpg,0,0,0,0
00265_940128_hl.jpg,00880_960530_pl.jpg,0,0,0,0
00976_960627_re.jpg,00976_960627_fa.jpg,1,1,1,1
00691_941121_pl.jpg,00703_941201_re.jpg,0,0,0,0
00219_940128_pl_a.jpg,00991_960627_ql.jpg,0,0,0,0
00371_940422_hr_a.jpg,00371_940422_fa.jpg,1,1,1,1
00547_940519_hl_a.jpg,00547_940519_hl_b.jpg,1,1,1,1
01000_960627_pr.jpg,00755_941201_fa.jpg,0,0,0,0
00906_960530_qr.jpg,00083_931230_fb_a.jpg,0,0,0,0
00922_960627_ql.jpg,00922_960627_hr.jpg,1,1,1,1
00407_940422_hl.jpg,00407_940422_pr.jpg,1,1,0,0
00454_940422_fb.jpg,00406_940422_pl.jpg,0,0,0,0
00183_940128_fa.jpg,00486_940519_fa.jpg,0,0,0,0
00883_960530_rd.jpg,00883_960530_hr.jpg,1,1,1,1
00419_940422_hl.jpg,00110_931230_fb.jpg,0,0,0,0
00377_940422_hl.jpg,00533_960627_fa.jpg,0,0,0,0
00065_931230_pl.jpg,00065_931230_pr.jpg,1,1,1,0
00954_960627_fa.jpg,00954_960627_fb.jpg,1,1,1,1
00173_931230_pl_a.jpg,00173_931230_fa_a.jpg,1,1,1,0
00729_941201_pl.jpg,00538_940519_fa.jpg,0,0,0,0
00896_960530_pr.jpg,00618_940928_fa.jpg,0,0,0,0
00217_940128_hl_a.jpg,00217_940128_fb_a.jpg,1,1,1,1
00099_931230_hr_a.jpg,00099_931230_pr_a.jpg,1,1,1,0
00264_940128_hr.jpg,00852_940307_pl.jpg,0,0,0,0
00511_940519_pr.jpg,00511_940519_qr.jpg,1,1,1,1
00777_941205_pl.jpg,00857_940307_fb.jpg,0,0,0,0
00052_931230_pr.jpg,00456_940422_pl.jpg,0,0,0,0
00074_931230_hl_a.jpg,00700_941121_ql.jpg,0,0,0,0
00204_940128_hr_a.jpg,00204_940128_pr_a.jpg,1,1,1,0
00985_960627_pr.jpg,00168_931230_fa_a.jpg,0,0,0,0
00663_941121_rc.jpg,00663_941121_ql.jpg,1,1,1,1
00875_940307_fb.jpg,00764_941201_fb.jpg,0,0,0,0
00315_940422_fb.jpg,00315_940422_pl.jpg,1,1,1,0
00207_940128_hl.jpg,00564_941031_ra.jpg,0,0,0,0
00681_941121_pr.jpg,00681_941121_fb.jpg,1,1,1,1
00225_940128_hr_a.jpg,00225_940128_hl_a.jpg,1,1,1,1
00422_940422_pl.jpg,00422_940422_pl.jpg,1,1,1,1
00177_931230_pr_a.jpg,00177_931230_pl_a.jpg,1,1,1,0
00606_940928_pl.jpg,00606_940928_rd.jpg,1,1,1,1
01002_960627_qr.jpg,00002_940928_fb.jpg,0,0,0,0
00413_940422_fb.jpg,00716_941201_qr.jpg,0,0,0,0
00688_941121_rd.jpg,00402_940422_hl.jpg,0,0,0,0
00020_931230_hr.jpg,00020_931230_pl.jpg,1,0,-1,0
00092_931230_fa.jpg,00092_931230_hr.jpg,1,1,1,1
00436_940422_hr.jpg,00436_940422_fa.jpg,1,1,1,1
00219_940128_pl_a.jpg,00942_960627_rc.jpg,0,0,0,0
01007_960627_rb.jpg,00164_931230_pl_a.jpg,0,0,0,0
00680_941121_re.jpg,00680_941121_hl.jpg,1,1,1,1
00599_940928_ra.jpg,00599_940928_ql.jpg,1,1,1,1
00850_940307_hl.jpg,00785_941205_rd.jpg,0,0,0,0
00154_931230_pr.jpg,00154_940128_pr.jpg,1,1,1,1
00329_940422_fa.jpg,00329_940422_fa.jpg,1,1,1,1
00997_960627_ra.jpg,00682_941121_pr.jpg,0,0,0,0
00239_940128_fa.jpg,00174_931230_hl_a.jpg,0,0,0,0
00575_940928_pr.jpg,00575_940928_rc.jpg,1,1,1,1
00710_941201_pl.jpg,00567_940928_hr.jpg,0,0,-1,0
00779_960530_pr.jpg,00779_960530_re.jpg,1,1,1,1
00419_940422_hr.jpg,00520_940519_pr_a.jpg,0,0,0,0
00827_940307_fb.jpg,00827_940307_pl.jpg,1,1,1,1
00590_940928_fb.jpg,00843_940307_fa_a.jpg,0,0,0,0
00113_931230_pr_a.jpg,00113_931230_pr_a.jpg,1,1,1,1
00468_940519_hl.jpg,00468_940519_qr.jpg,1,1,1,1
00342_940422_pr.jpg,00080_931230_hr.jpg,0,0,0,0
00237_940128_hl.jpg,00061_931230_pl.jpg,0,0,-1,0
00368_940422_hl_a.jpg,00368_940422_pl_a.jpg,1,1,1,1
00951_960627_fb.jpg,00951_960627_hr.jpg,1,1,1,1
00492_940519_hr_a.jpg,00500_960627_rb.jpg,0,0,0,0
01008_960627_rc.jpg,00612_940928_pr.jpg,0,0,0,0
00521_940519_pl.jpg,00343_940422_hl.jpg,0,0,0,0
00300_940422_pl.jpg,00300_940422_hl.jpg,1,1,1,0
00278_940422_fa.jpg,00278_940422_fb.jpg,1,1,1,1
00142_931230_hl.jpg,00142_931230_fa.jpg,1,1,1,1
00161_931230_pr_a.jpg,00161_931230_hl_a.jpg,1,1,1,1
00422_940422_pr.jpg,00422_940422_pr.jpg,1,1,-1,1
00333_940422_fb.jpg,00333_940422_fb.jpg,1,1,1,1
00050_931230_pr.jpg,00050_931230_fa.jpg,1,1,1,1
00754_941201_fb.jpg,00029_960627_pr.jpg,0,0,0,0
00707_941201_ql.jpg,00707_941201_pl.jpg,1,1,1,1
00898_960530_hl.jpg,00898_960530_fa.jpg,1,1,1,1
00816_960530_fa.jpg,00816_960530_pr.jpg,1,1,1,1
00770_960530_qr.jpg,00561_940519_fb.jpg,0,0,0,0
00918_960620_fb.jpg,00794_960620_ql.jpg,0,0,0,0
00103_931230_pl_a.jpg,00103_931230_pr_a.jpg,1,1,-1,0
00110_931230_pl.jpg,00990_960627_rd.jpg,0,0,0,0
00421_940422_hl.jpg,00421_940422_fb.jpg,1,1,1,1
00140_941121_fa.jpg,00869_940307_fb.jpg,0,0,0,0
00540_940519_hl.jpg,00858_940307_hr.jpg,0,0,0,0
00851_940307_fb.jpg,00224_940128_fb.jpg,0,0,0,0
00106_931230_fa_a.jpg,00106_931230_fa_a.jpg,1,1,1,1
00539_940519_pr.jpg,00238_940128_hr.jpg,0,0,0,0
00394_940422_pr.jpg,00674_941121_ra.jpg,0,0,0,0
00545_940519_qr.jpg,00404_940422_hl.jpg,0,0,0,0
00186_940128_hr_a.jpg,00186_940128_fb_a.jpg,1,1,1,1
00388_940422_hr.jpg,00850_940307_pl.jpg,0,0,0,0
01005_960627_ra.jpg,01005_960627_hr.jpg,1,1,1,1
00531_940519_hl_a.jpg,00531_960627_pl.jpg,1,1,1,1
00325_940422_pl_a.jpg,00972_960627_re.jpg,0,0,0,0
00749_941201_pr.jpg,00749_941201_ra.jpg,1,1,1,1
00563_940928_fa.jpg,00563_940928_qr.jpg,1,1,1,1
00210_940422_hr.jpg,00210_940128_pl.jpg,1,1,1,0
00860_940307_pl.jpg,00624_940928_hl.jpg,0,0,0,0
00269_940422_hl_a.jpg,00303_940422_hl.jpg,0,0,0,0
00444_940422_hr.jpg,00456_940422_hl.jpg,0,0,0,0
00472_940519_fb.jpg,00472_940519_hl.jpg,1,1,1,1
00982_960627_hr.jpg,00982_960627_hl.jpg,1,1,1,1
00573_940928_pl.jpg,00329_940422_fa.jpg,0,0,0,0
00940_960627_qr.jpg,00940_960627_hl.jpg,1,1,1,1
00127_931230_pl.jpg,00127_931230_pl.jpg,1,1,1,0
00625_940928_ql.jpg,00625_940928_hl.jpg,1,1,1,1
00804_941205_ra.jpg,00804_960530_pl.jpg,1,1,0,0
00606_940928_pl.jpg,00606_940928_fa.jpg,1,1,1,1
00404_940422_fb.jpg,00796_941205_ra.jpg,0,0,0,0
00834_940307_hr_a.jpg,00704_941201_hl.jpg,0,0,0,0
00046_931230_fa.jpg,00046_931230_fa.jpg,1,1,1,1
00064_931230_fa.jpg,00064_931230_fb.jpg,1,1,1,1
00690_941121_fa.jpg,00690_941121_rd.jpg,1,1,1,1
00431_940422_hl.jpg,00655_941031_fb.jpg,0,0,0,0
00911_960530_fa.jpg,00742_941201_re.jpg,0,0,0,0
00729_941201_rb.jpg,00729_941201_pl.jpg,1,1,1,1
01010_960627_pr.jpg,01010_960627_qr.jpg,1,1,1,1
00371_940422_fb_a.jpg,00371_940422_hl.jpg,1,1,1,1
00234_940128_pl.jpg,00234_940128_hr.jpg,1,1,1,0
00590_940928_pr.jpg,00590_940928_hl.jpg,1,1,1,1
00779_941205_hl.jpg,00779_960530_ql.jpg,1,1,1,1
00754_941201_fb.jpg,00754_941201_qr.jpg,1,1,1,1
00392_940422_fb.jpg,00605_941031_qr.jpg,0,0,0,0
00723_941201_fb.jpg,00723_941201_fb.jpg,1,1,1,1
00768_941201_pl.jpg,00176_931230_pr.jpg,0,0,0,0
00413_940422_fa.jpg,00413_940422_hr.jpg,1,1,1,1
00356_940422_hr.jpg,00540_940519_hl.jpg,0,0,0,0
00414_940422_hr.jpg,00414_940422_hl.jpg,1,1,1,1
00221_940128_hr.jpg,00221_940128_pl.jpg,1,1,1,1
00177_931230_hr_a.jpg,00710_960530_qr.jpg,0,0,0,0
00434_940422_fa.jpg,00434_940422_hl.jpg,1,1,1,1
00082_931230_hr.jpg,00773_941201_qr.jpg,0,0,0,0
00567_940928_hl.jpg,00980_960627_rd.jpg,0,0,0,0
00375_940422_hl.jpg,00375_940422_fb.jpg,1,1,1,1
00192_940128_fa.jpg,00192_940128_fb.jpg,1,1,1,1
00560_940519_pl.jpg,00626_941031_pr.jpg,0,0,0,0
00348_940422_fa.jpg,00348_940422_hl.jpg,1,1,1,1
00860_940307_fa.jpg,00966_960627_qr.jpg,0,0,0,0
00775_941205_ra.jpg,00591_940928_pr.jpg,0,0,0,0
00369_940422_fa.jpg,00369_940422_fa.jpg,1,1,1,1
00910_960530_fa.jpg,00095_940128_fa.jpg,0,0,0,0
00785_941205_ql.jpg,00812_960530_hr.jpg,0,0,1,0
00373_940422_fb.jpg,00373_940422_pr.jpg,1,1,-1,1
00068_931230_pl.jpg,00068_931230_hl.jpg,1,1,0,1
00247_940128_fa.jpg,00247_940128_pr.jpg,1,1,1,1
00797_960620_fb.jpg,00797_941205_fa.jpg,1,1,1,1
00958_960627_pl.jpg,00958_960627_pl.jpg,1,1,1,1
00627_940928_ql.jpg,00155_940128_fb.jpg,0,0,0,0
00687_941121_ra.jpg,00687_941121_pr.jpg,1,1,1,1
00329_940422_fa.jpg,00329_940422_pr.jpg,1,1,1,0
00560_940519_qr.jpg,00946_960627_ql.jpg,0,0,0,0
00578_940928_rb.jpg,00868_940307_fb.jpg,0,0,0,0
00108_931230_hr.jpg,00217_940128_pl_a.jpg,0,0,0,0
00413_940422_pr.jpg,00074_931230_fa_a.jpg,0,0,0,0
00686_941121_pr.jpg,00686_941121_ql.jpg,1,1,1,1
00323_940422_hl.jpg,00323_940422_fb.jpg,1,1,1,1
00046_931230_pr.jpg,00188_940128_pr.jpg,0,0,0,0
00066_931230_pr_a.jpg,00908_960530_rc.jpg,0,0,0,0
00847_940307_pr.jpg,00847_940307_fa.jpg,1,1,0,1
00332_940422_pl.jpg,00332_940422_fa.jpg,1,1,1,0
00292_940422_hl_a.jpg,00292_940422_fa.jpg,1,1,1,1
00249_940128_pl_a.jpg,00249_940128_hr_a.jpg,1,1,1,1
00163_931230_fb.jpg,00163_931230_fb.jpg,1,1,1,1
00864_940307_pl.jpg,00471_940519_hr.jpg,0,0,0,0
00902_960530_fb.jpg,00731_941201_rc.jpg,0,0,0,0
00178_931230_fa.jpg,00237_940128_pl.jpg,0,0,0,0
00823_940307_fb_a.jpg,00462_940422_hl_a.jpg,0,0,0,0
00763_941201_fa.jpg,00763_941205_hl.jpg,1,1,1,1
00483_940519_hr.jpg,00483_940519_hl.jpg,1,1,1,1
00602_940928_pr.jpg,00602_940928_pr.jpg,1,1,1,1
00054_931230_fb_a.jpg,00732_960627_rb.jpg,0,0,1,0
00157_940928_pr.jpg,00492_940519_pl_a.jpg,0,0,0,0
00605_941031_qr.jpg,00605_941031_ql.jpg,1,1,1,1
00460_940422_pr.jpg,00921_960627_rc.jpg,0,0,0,0
00842_940307_hl.jpg,00842_940307_fa.jpg,1,1,1,1
00721_941205_pl.jpg,00721_941205_hr.jpg,1,1,1,1
00829_940307_fa_a.jpg,00770_941201_qr.jpg,0,0,0,0
00716_941201_fb.jpg,00716_941205_rd.jpg,1,1,1,1
00579_940928_fa.jpg,00579_940928_pl.jpg,1,1,1,1
00917_960620_ra.jpg,00356_940422_hr.jpg,0,0,0,0
00896_960530_pl.jpg,00525_940519_ql.jpg,0,0,0,0
00636_941031_rc.jpg,00636_941031_fb.jpg,1,1,1,1
00987_960627_pr.jpg,00987_960627_pl.jpg,1,1,1,1
00949_960627_hr.jpg,00949_960627_hl.jpg,1,1,1,1
00387_940422_fb.jpg,00480_940519_hr.jpg,0,0,0,0
00494_940519_ql.jpg,00755_941201_rd.jpg,0,0,0,0
00730_960530_pl.jpg,00373_940422_hr.jpg,0,0,0,0
00089_931230_fb.jpg,00089_931230_pl.jpg,1,1,1,0
00945_960627_qr.jpg,00229_940128_fb.jpg,0,0,0,0
00685_941121_fb.jpg,00196_940128_pr.jpg,0,0,0,0
00125_931230_fa.jpg,00125_931230_fb.jpg,1,1,1,1
00947_960627_fb.jpg,00947_960627_ra.jpg,1,1,1,1
00575_940928_rc.jpg,00636_941031_fb.jpg,0,0,0,0
00331_940422_pr.jpg,00510_940519_hl.jpg,0,0,0,0
00622_940928_qr.jpg,00811_960530_rc.jpg,0,0,0,0
00478_940519_hr.jpg,00478_940519_pr.jpg,1,1,1,1
00639_941031_hl.jpg,00112_931230_hr.jpg,0,0,0,0
00155_940128_fa.jpg,00155_931230_pl.jpg,1,1,1,1
00711_960530_hr.jpg,00711_960620_qr.jpg,1,1,1,1
00192_940128_hr.jpg,00164_931230_fb_a.jpg,0,0,1,0
00854_940307_fa.jpg,00854_940307_fb.jpg,1,1,1,1
00583_940928_rb.jpg,00583_940928_pl.jpg,1,1,1,1
00642_941121_pl.jpg,00642_941121_ql.jpg,1,1,1,1
00435_940422_pl.jpg,00335_940422_pr_a.jpg,0,0,0,0
00705_960620_fa.jpg,00049_931230_fb.jpg,0,0,0,0
00064_931230_pl.jpg,00847_940307_hr.jpg,0,0,0,0
01208_940128_fb_a.jpg,00587_940928_pl.jpg,0,0,0,0
00135_931230_pr_a.jpg,00500_960627_pl.jpg,0,0,0,0
00520_940519_hr.jpg,00520_940519_hl_a.jpg,1,1,1,1
00078_931230_fa_a.jpg,00332_940422_pl.jpg,0,0,0,0
00995_960627_fb.jpg,01009_960627_fb.jpg,0,0,0,0
00111_931230_pl.jpg,00521_940519_fb.jpg,0,0,-1,0
00493_940519_qr.jpg,00426_940422_pl.jpg,0,0,0,0
00812_960530_ra.jpg,00134_931230_pr_a.jpg,0,0,0,0
00391_940422_fb.jpg,00076_931230_pl.jpg,0,0,-1,0
00263_940128_pl.jpg,00263_940128_pr.jpg,1,1,1,0
00158_931230_pr.jpg,00251_940128_pr.jpg,0,0,0,0
00482_940519_ql.jpg,00482_940519_hl.jpg,1,1,1,1
00708_941205_fb.jpg,00708_941205_ra.jpg,1,1,1,1
00837_940307_pr.jpg,00423_940422_hr.jpg,0,0,0,0
00835_940307_fb.jpg,00835_940307_hl.jpg,1,1,1,1
00330_940422_fb.jpg,00170_931230_pr.jpg,0,0,0,0
00470_940519_fb.jpg,00470_941201_ql.jpg,1,1,1,1
00465_940519_ql_a.jpg,00465_960627_pr.jpg,1,1,1,0
00885_960530_pl.jpg,00885_960530_ql.jpg,1,1,1,0
00695_941121_fb.jpg,00579_940928_rd.jpg,0,0,0,0
00750_960530_hr.jpg,00750_941201_fb.jpg,1,1,1,1
00999_960627_rb.jpg,00999_960627_fb.jpg,1,1,1,1
00092_931230_fa.jpg,00902_960530_ql.jpg,0,0,0,0
00544_940519_hl_a.jpg,00251_940128_hl.jpg,0,0,0,0
00785_941205_fb.jpg,00785_941205_re.jpg,1,1,1,1
00379_940422_pr.jpg,00379_940422_hl.jpg,1,1,-1,0
00078_931230_pr_a.jpg,00028_940928_fa.jpg,0,0,0,0
00323_940422_hr.jpg,00402_940422_fa.jpg,0,0,0,0
00786_941205_ql.jpg,00786_941205_rb.jpg,1,1,1,1
00494_940519_fb.jpg,00052_931230_hl.jpg,0,0,0,0
00148_931230_fb.jpg,00148_931230_pl.jpg,1,1,1,0
00935_960627_hl.jpg,00935_960627_rd.jpg,1,1,1,1
00161_931230_fa_a.jpg,00161_931230_fa_a.jpg,1,1,1,1
00689_941121_qr.jpg,00597_941031_pl.jpg,0,0,0,0
00425_940422_pl.jpg,00425_940422_hr.jpg,1,1,1,1
00778_941205_qr.jpg,00946_960627_pr.jpg,0,0,0,0
00190_940128_pl.jpg,00190_940128_pr.jpg,1,1,1,0
00712_941205_pl.jpg,00712_941205_rc.jpg,1,1,1,1
00833_940307_pl.jpg,00833_940307_hr.jpg,1,1,1,1
00295_940422_hr_a.jpg,00295_940422_fa_a.jpg,1,1,1,1
00333_940422_hr.jpg,00333_940422_fb.jpg,1,1,1,1
00384_940422_pr.jpg,00056_931230_pr.jpg,0,0,-1,0
00633_940928_pl.jpg,00858_940307_pl.jpg,0,0,0,0
00013_931230_hr.jpg,00889_960530_re.jpg,0,0,0,0
01011_960627_hr.jpg,01011_960627_pr.jpg,1,1,1,1
00753_941201_re.jpg,00307_940422_pl.jpg,0,0,0,0
00831_940307_hr.jpg,00831_940307_fb.jpg,1,1,1,1
00110_931230_hr.jpg,00110_931230_fb.jpg,1,1,1,1
00484_940519_hl.jpg,00679_941121_rb.jpg,0,0,0,0
00156_931230_fa_a.jpg,00862_940307_fa.jpg,0,0,0,0
00295_940422_hl.jpg,00295_940422_fa.jpg,1,1,1,1
00147_931230_pl.jpg,00147_931230_fa.jpg,1,1,1,0
00212_940128_hl_a.jpg,00461_940422_fb_a.jpg,0,0,0,0
00508_940519_hr.jpg,00807_941205_ra.jpg,0,0,0,0
00868_940307_hr.jpg,00183_940128_pr.jpg,0,0,0,0
00718_941205_rb.jpg,00718_941201_fa.jpg,1,1,1,1
00123_931230_pr.jpg,00028_940928_hr.jpg,0,0,-1,0
00428_940422_pr.jpg,00441_940422_pl.jpg,0,0,0,0
00998_960627_qr.jpg,00998_960627_re.jpg,1,1,1,1
00722_960627_fa.jpg,00722_941201_fa.jpg,1,1,1,1
00327_940422_fb.jpg,00359_940422_pl.jpg,0,0,0,0
00853_940307_hl.jpg,00853_940307_hr.jpg,1,1,1,1
00169_931230_fb_a.jpg,00793_941205_hl.jpg,0,0,0,0
00175_931230_fb_a.jpg,00452_940422_fb.jpg,0,0,0,0
00392_940422_hr_a.jpg,00493_940519_fb.jpg,0,0,0,0
00313_940422_hl.jpg,00313_940422_fb.jpg,1,1,1,1
00711_960530_pr.jpg,00973_960627_fa.jpg,0,0,0,0
00052_931230_fa.jpg,00052_931230_pl.jpg,1,0,-1,0
00716_941201_ql.jpg,00572_940928_rb.jpg,0,0,0,0
00623_940928_hl.jpg,00611_940928_ra.jpg,0,0,0,0
00893_960530_hl.jpg,00358_940422_hl.jpg,0,0,0,0
00710_960620_pr.jpg,00695_941121_fa.jpg,0,0,0,0
00772_960620_fb.jpg,00772_941201_hr.jpg,1,1,1,1
00803_941205_pl.jpg,00654_941031_hl.jpg,0,0,0,0
00567_940928_pr.jpg,00567_940928_hr.jpg,1,1,1,1
00606_940928_pl.jpg,00606_940928_qr.jpg,1,1,1,1
00250_940128_fa.jpg,00250_940128_hr.jpg,1,1,1,1
00827_940307_fb.jpg,00248_940128_hl.jpg,0,0,0,0
00064_931230_fb.jpg,00096_931230_fa.jpg,0,0,0,0
00914_960620_fb.jpg,00914_960620_ql.jpg,1,1,1,1
00211_940128_hl.jpg,00746_941205_rd.jpg,0,0,0,0
00298_940422_fb.jpg,00716_941201_hl.jpg,0,0,0,0
00019_940307_hr.jpg,00019_940307_hl.jpg,1,1,1,1
00306_940422_pl.jpg,00306_940422_pr.jpg,1,1,1,1
00408_940422_pr.jpg,00866_940307_pl_a.jpg,0,0,0,0
00167_931230_fb.jpg,00167_931230_pr.jpg,1,1,1,1
00089_931230_hr.jpg,00872_940307_fa.jpg,0,0,0,0
00235_940128_pr.jpg,00235_940128_fb.jpg,1,1,1,1
00908_960530_pr.jpg,00687_941121_hr.jpg,0,0,0,0
00973_960627_fb.jpg,00971_960627_fb.jpg,0,0,0,0
00725_941205_hl.jpg,00458_940422_pl.jpg,0,0,0,0
00738_941201_hr.jpg,00603_940928_fb.jpg,0,0,0,0
00485_940519_fa_a.jpg,00321_940422_fa.jpg,0,0,0,0
00160_931230_pr_a.jpg,00160_931230_hl_a.jpg,1,1,1,1
00780_941205_hr.jpg,00780_941205_pl.jpg,1,1,1,1
00905_960530_rb.jpg,00386_940422_fb.jpg,0,0,0,0
00600_940928_pr.jpg,00366_940422_hl.jpg,0,0,0,0
00712_941201_hr.jpg,00822_940307_hr.jpg,0,0,0,0
00324_940422_hl.jpg,00978_960627_ra.jpg,0,0,0,0
00338_940422_pr.jpg,00338_940422_hr_a.jpg,1,1,1,0
00353_940422_hl.jpg,00526_940519_hr.jpg,0,0,0,0
00369_940422_pl.jpg,00369_940422_hl.jpg,1,1,1,1
00328_940422_pr.jpg,00328_940422_fb.jpg,1,0,0,0
00669_940307_hl.jpg,00669_940307_pr_a.jpg,1,1,0,0
00547_940519_ql_b.jpg,00673_941121_rc.jpg,0,0,0,0
00005_941121_qr.jpg,00005_941121_pl.jpg,1,1,1,1
00945_960627_pl.jpg,00945_960627_fa.jpg,1,1,1,1
00936_960627_hl.jpg,00957_960627_hr.jpg,0,0,0,0
00135_931230_hl_a.jpg,00652_941031_rc.jpg,0,0,0,0
00183_940128_fb.jpg,00807_960530_rb.jpg,0,0,0,0
00550_940519_hr.jpg,00150_931230_hl_a.jpg,0,0,0,0
00545_940519_ql_a.jpg,00044_931230_pr.jpg,0,0,0,0
00154_931230_fb.jpg,00154_931230_fb.jpg,1,1,1,1
00038_940128_pr.jpg,00038_940128_pl.jpg,1,1,1,1
00096_931230_pr.jpg,00096_931230_pr.jpg,1,1,1,1
00365_940422_hr.jpg,00496_940519_ql.jpg,0,0,0,0
00731_941201_fa.jpg,00568_940928_fb.jpg,0,0,0,0
00107_941031_rd.jpg,00107_941121_rc.jpg,1,1,1,1
00884_960530_pr.jpg,00884_960530_ra.jpg,1,1,1,0
00710_960530_hr.jpg,00620_940928_pl.jpg,0,0,0,0
00834_940307_fa_a.jpg,00117_931230_hl_a.jpg,0,0,0,0
01207_940128_fb.jpg,01207_940128_pr.jpg,1,1,1,1
00693_941121_rb.jpg,00693_941121_pr.jpg,1,1,1,1
00194_940128_hr.jpg,00194_940128_hl.jpg,1,1,1,1
00887_960530_rd.jpg,00887_960530_qr.jpg,1,1,1,1
00730_941201_ra.jpg,00119_931230_fa.jpg,0,0,-1,0
00158_931230_hr.jpg,00158_931230_fb.jpg,1,1,1,1
00660_960530_re.jpg,00288_940422_hr.jpg,0,0,0,0
00883_960530_pr.jpg,00364_940422_fa.jpg,0,0,0,0
00591_940928_rb.jpg,00377_940422_fb.jpg,0,0,0,0
00607_940928_fb.jpg,00159_931230_fb.jpg,0,0,0,0
00680_941121_rc.jpg,00340_940422_pr_a.jpg,0,0,0,0
00831_940307_pr.jpg,00533_960627_rd.jpg,0,0,0,0
00952_960627_qr.jpg,00952_960627_qr.jpg,1,1,1,1
00846_940307_pr_a.jpg,00846_940307_fa_a.jpg,1,1,1,1
00077_931230_fa.jpg,00077_931230_pr.jpg,1,1,1,1
00257_940128_hl.jpg,00257_940128_fa.jpg,1,1,1,1
00617_940928_rd.jpg,00617_940928_fa.jpg,1,1,1,1
00116_931230_pl.jpg,00116_931230_pl.jpg,1,1,-1,1
00954_960627_fb.jpg,00471_940519_hl.jpg,0,0,0,0
00766_960530_pr.jpg,00720_941205_qr.jpg,0,0,0,0
00348_940422_pr.jpg,00348_940422_hr.jpg,1,1,1,1
00198_940128_hr.jpg,00547_940519_hr_c.jpg,0,0,0,0
00923_960627_pl.jpg,00923_960627_re.jpg,1,1,1,1
00074_931230_fb_a.jpg,00074_931230_pr_a.jpg,1,1,1,1
00935_960627_pl.jpg,00663_941121_ql.jpg,0,0,0,0
00270_940422_fa.jpg,00270_940422_pl.jpg,1,1,0,0
00421_940422_hl.jpg,00421_940422_pl.jpg,1,1,1,0
00208_940128_fa.jpg,00208_940128_fa.jpg,1,1,1,1
00457_940422_fb.jpg,00457_940422_fa.jpg,1,1,1,1
00317_940422_pr.jpg,00317_940422_fa.jpg,1,1,0,0
00711_960620_hl.jpg,00999_960627_hl.jpg,0,0,0,0
00695_941121_ql.jpg,00695_941121_fb.jpg,1,1,1,1
00725_941205_ql.jpg,00390_940422_pr.jpg,0,0,0,0
00931_960627_ra.jpg,00931_960627_fa.jpg,1,1,1,1
00429_940422_pl_a.jpg,00429_940422_hl.jpg,1,1,1,0
00889_960530_pr.jpg,00584_940928_fb.jpg,0,0,0,0
00640_941031_fa.jpg,00758_941201_pr.jpg,0,0,0,0
00078_931230_pr_a.jpg,00591_940928_rb.jpg,0,0,0,0
00461_940422_hr_a.jpg,00763_960530_fa.jpg,0,0,0,0
01009_960627_hr.jpg,01009_960627_re.jpg,1,1,1,1
00142_931230_fb.jpg,00142_931230_fa.jpg,1,1,1,1
00178_931230_hr.jpg,00178_931230_fb.jpg,1,1,1,1
00166_931230_fb.jpg,00599_940928_qr.jpg,0,0,1,0
00221_940128_hr.jpg,00728_941201_fa.jpg,0,0,0,0
00200_940128_hr.jpg,00800_941205_fa.jpg,0,0,0,0
00462_940422_fb.jpg,00754_941201_ql.jpg,0,0,0,0
00828_940307_hl.jpg,00828_940307_pr.jpg,1,1,1,1
00482_940519_hl.jpg,00482_940519_pr.jpg,1,1,1,1
00700_941121_rc.jpg,00444_940422_fa.jpg,0,0,0,0
00844_940307_fa.jpg,00829_940307_pl.jpg,0,0,0,0
00196_940128_fb.jpg,00342_940422_hl.jpg,0,0,0,0
00047_931230_fa.jpg,00048_931230_fa_a.jpg,0,0,0,0
00728_941205_pl.jpg,00728_941205_ra.jpg,1,1,1,1
00076_931230_fa.jpg,00076_931230_fb.jpg,1,1,1,1
00085_931230_fa.jpg,00153_931230_fa.jpg,0,0,0,0
00342_940422_pr.jpg,00211_940128_pr.jpg,0,0,0,0
00579_941031_fa.jpg,00313_940422_fa.jpg,0,0,0,0
00280_940422_hl.jpg,00272_940422_pr.jpg,0,0,0,0
00973_960627_pr.jpg,00890_960530_ql.jpg,0,0,0,0
00225_940128_fb_a.jpg,00225_940128_fa_a.jpg,1,1,1,1
00816_960620_pr.jpg,00816_960620_fb.jpg,1,1,1,1
00321_940422_fb.jpg,00886_960530_pr.jpg,0,0,0,0
00796_941205_ql.jpg,00811_960530_qr.jpg,0,0,0,0
00927_960627_fb.jpg,00937_960627_pr.jpg,0,0,0,0
00201_940128_hl.jpg,00201_940128_pr.jpg,1,1,1,1
00316_940422_fa.jpg,00683_941121_fb.jpg,0,0,0,0
00436_940422_fa.jpg,00719_941201_fb.jpg,0,0,0,0
00539_940519_hl.jpg,00539_940519_fa.jpg,1,1,1,1
00446_940422_pl.jpg,00115_931230_pl.jpg,0,0,0,0
00961_960627_pr.jpg,00725_941201_rc.jpg,0,0,0,0
00918_960620_fa.jpg,00413_940422_fa.jpg,0,0,0,0
00456_940422_fb.jpg,00692_941121_ql.jpg,0,0,0,0
00186_940128_hr_a.jpg,00403_940422_hl.jpg,0,0,0,0
00297_940422_fb.jpg,00040_931230_hr.jpg,0,0,0,0
00893_960530_pl.jpg,00893_960530_fa.jpg,1,1,1,0
00536_940519_pl.jpg,00536_940519_ql.jpg,1,1,1,1
00113_931230_fa_a.jpg,00113_931230_fa_a.jpg,1,1,1,1
00929_960627_fa.jpg,00400_940422_pl.jpg,0,0,0,0
00451_940422_hr.jpg,00451_940422_hl.jpg,1,1,1,1
00115_931230_pr.jpg,00115_931230_pr.jpg,1,1,1,1
00535_940519_pr_a.jpg,00535_940519_qr.jpg,1,1,1,1
00991_960627_rc.jpg,00991_960627_fb.jpg,1,1,1,1
00644_941031_pl.jpg,00254_941121_hl.jpg,0,0,0,0
00165_931230_hl_a.jpg,00626_940928_re.jpg,0,0,0,0
00300_940422_pr.jpg,00774_941201_pl.jpg,0,0,0,0
00175_931230_fa_a.jpg,00175_931230_pr_a.jpg,1,1,1,1
00365_940422_hl.jpg,00365_940422_fb.jpg,1,1,1,1
00913_960530_qr.jpg,00029_940928_rc.jpg,0,0,1,0
00814_941205_pr.jpg,00814_941205_hr.jpg,1,1,1,1
00799_941205_qr.jpg,00799_941205_ra.jpg,1,1,1,1
00764_941205_qr.jpg,00169_931230_pl_a.jpg,0,0,0,0
00358_940422_pr.jpg,00358_940422_fb.jpg,1,1,-1,0
00480_940519_hl.jpg,00834_940307_fb_a.jpg,0,0,0,0
00252_940128_fa_a.jpg,00525_940519_qr.jpg,0,0,0,0
00571_940928_hr.jpg,00571_940928_ql.jpg,1,1,1,1
00392_940422_pr_a.jpg,00648_941031_rc.jpg,0,0,-1,0
00708_941201_hr.jpg,00125_931230_pl.jpg,0,0,-1,0
00535_940519_ql_a.jpg,00657_941121_hr.jpg,0,0,0,0
00912_960530_re.jpg,00912_960530_ql.jpg,1,1,1,1
00264_940128_hl.jpg,00264_940128_hl.jpg,1,1,1,1
00453_940422_hr.jpg,00453_940422_fa_a.jpg,1,1,1,1
00734_941201_pr.jpg,00734_941201_hr.jpg,1,1,1,1
00444_940422_pl.jpg,00444_940422_pr.jpg,1,1,1,0
00460_940422_fb.jpg,00460_940422_pr.jpg,1,1,1,1
00483_940519_ql.jpg,00483_940519_pl.jpg,1,1,1,1
00342_940422_fa.jpg,00112_931230_fb.jpg,0,0,0,0
00135_931230_hr_a.jpg,00465_960627_rd.jpg,0,0,0,0
00263_940128_hr.jpg,00413_940422_hr.jpg,0,0,0,0
00029_960627_rc.jpg,00507_940519_hr_a.jpg,0,0,0,0
00396_940422_hl.jpg,00295_940422_hl.jpg,0,0,0,0
00550_940519_pr.jpg,00788_941205_ql.jpg,0,0,0,0
00144_931230_fa.jpg,00741_941201_fa.jpg,0,0,0,0
00501_940519_qr.jpg,00501_940519_hl.jpg,1,1,1,1
00684_941121_ra.jpg,00472_940519_fb_a.jpg,0,0,0,0
00230_940128_hr.jpg,00230_940128_hr.jpg,1,1,1,1
00214_940128_hl.jpg,00214_940128_pl.jpg,1,1,1,1
00147_931230_pl.jpg,00409_940422_pl.jpg,0,0,1,0
00922_960627_rd.jpg,00657_941121_hr.jpg,0,0,0,0
00104_931230_fa.jpg,00104_931230_fa.jpg,1,1,1,1
00409_940422_fa.jpg,00937_960627_ql.jpg,0,0,0,0
00934_960627_fa.jpg,00934_960627_fa.jpg,1,1,1,1
00952_960627_rc.jpg,00952_960627_fb.jpg,1,1,1,1
00214_940128_hl.jpg,00214_940128_hr.jpg,1,1,1,1
00517_940519_hl.jpg,00066_931230_hl_a.jpg,0,0,0,0
00930_960627_fa.jpg,00930_960627_hr.jpg,1,1,1,1
00586_940928_pr.jpg,00218_940128_hl.jpg,0,0,0,0
00633_940928_pr.jpg,00565_940928_ql.jpg,0,0,0,0
00904_960530_fa.jpg,00904_960530_ra.jpg,1,1,1,1
00520_940519_pl.jpg,00422_940422_fb.jpg,0,0,0,0
00783_941205_qr.jpg,00783_941205_rb.jpg,1,1,1,1
00709_941201_pr.jpg,00279_940422_pl.jpg,0,0,0,0
00407_940422_pl.jpg,00956_960627_pr.jpg,0,0,0,0
00475_940519_hr_a.jpg,00475_940519_hl.jpg,1,1,1,1
00639_941031_fb.jpg,00639_941031_pr.jpg,1,1,1,1
00852_940307_pr.jpg,00852_940307_hr.jpg,1,1,1,1
00590_940928_qr.jpg,00590_940928_fb.jpg,1,1,1,1
00785_941205_re.jpg,00785_941205_rd.jpg,1,1,1,1
00553_940519_fa_a.jpg,00404_940422_hr.jpg,0,0,0,0
00661_941121_re.jpg,00262_940128_pr.jpg,0,0,0,0
00712_941201_rb.jpg,00712_941205_pl.jpg,1,1,1,1
00341_940422_fa.jpg,00341_940422_pl.jpg,1,1,1,1
00167_931230_pl.jpg,00366_940422_pr.jpg,0,0,0,0
00551_940519_pr.jpg,00591_940928_rb.jpg,0,0,0,0
00678_941121_re.jpg,00287_940422_fb_a.jpg,0,0,0,0
00718_941205_fb.jpg,00718_941201_pr.jpg,1,1,1,1
00996_960627_hr.jpg,00996_960627_rd.jpg,1,1,1,1
00028_940928_hl.jpg,00780_960530_ra.jpg,0,0,0,0
00742_941201_fa.jpg,00834_940307_fa_a.jpg,0,0,0,0
00271_940422_fa.jpg,00271_940422_hr.jpg,1,1,1,1
00188_940128_fb.jpg,00908_960530_pr.jpg,0,0,0,0
00413_940422_fa.jpg,00413_940422_pl.jpg,1,1,1,1
00510_940519_pr.jpg,00595_940928_pl.jpg,0,0,0,0
00930_960627_re.jpg,00930_960627_re.jpg,1,1,1,1
00897_960530_hr.jpg,00897_960530_re.jpg,1,1,1,1
00064_931230_fa.jpg,00064_931230_fb.jpg,1,1,1,1
00855_940307_fa.jpg,00855_940307_fa.jpg,1,1,1,1
00612_940928_pl.jpg,00062_931230_fa.jpg,0,0,0,0
00859_940307_fa.jpg,00570_940928_pl.jpg,0,0,0,0
00152_931230_fb.jpg,00575_940928_rc.jpg,0,0,0,0
00724_941201_re.jpg,00484_940519_pl.jpg,0,0,0,0
00583_940928_hl.jpg,00583_940928_hl.jpg,1,1,1,1
00058_931230_pr.jpg,00402_940422_fa.jpg,0,0,0,0
00534_940519_pl.jpg,00172_931230_pr.jpg,0,0,0,0
00605_941031_rb.jpg,00605_941031_rc.jpg,1,1,1,1
00516_940519_pl.jpg,00006_931230_pr.jpg,0,0,0,0
00816_941205_re.jpg,00769_941201_pl.jpg,0,0,0,0
00628_940928_rc.jpg,00383_941031_re.jpg,0,0,0,0
00314_940422_pr.jpg,00314_940422_pr.jpg,1,1,1,1
00169_931230_fb_a.jpg,00169_931230_fa_a.jpg,1,1,1,1
00237_940128_pr.jpg,00224_940128_pr.jpg,0,0,0,0
00665_941121_hr.jpg,00813_941205_pr.jpg,0,0,0,0
00580_940928_rc.jpg,00580_940928_hl.jpg,1,1,1,1
00092_931230_fb.jpg,00092_931230_pr.jpg,1,1,1,1
00244_940128_fb.jpg,00244_940128_fa.jpg,1,1,1,1
00719_960620_re.jpg,00719_960620_hl.jpg,1,1,1,1
00070_940422_pl.jpg,00070_940422_fa.jpg,1,1,1,0
00904_960530_fa.jpg,00520_940519_qr.jpg,0,0,0,0
00761_960620_rc.jpg,00751_941205_rc.jpg,0,0,0,0
00208_940128_pl.jpg,00208_940128_hl.jpg,1,1,1,1
00243_940128_hl.jpg,00344_940422_fa.jpg,0,0,0,0
00158_931230_pl.jpg,00490_940519_ql.jpg,0,0,0,0
00273_940422_hr.jpg,00273_940422_fa.jpg,1,1,1,1
00362_940422_pr.jpg,00362_940422_pr.jpg,1,1,1,1
00371_940422_pl.jpg,00371_940422_hr_a.jpg,1,1,1,1
00904_960530_hr.jpg,00904_960530_pl.jpg,1,1,1,1
00503_940519_hl.jpg,00981_960627_rc.jpg,0,0,0,0
00735_941201_fa.jpg,00153_931230_hr.jpg,0,0,0,0
00848_940307_pl.jpg,00526_940519_hr.jpg,0,0,0,0
00179_931230_fb.jpg,00179_931230_pl.jpg,1,1,1,0
00597_941031_hl.jpg,00337_940422_pl.jpg,0,0,0,0
00356_940422_pr.jpg,00356_940422_hr.jpg,1,1,1,1
00862_940307_fb.jpg,00478_940519_pr.jpg,0,0,0,0
00197_940128_fa.jpg,00119_931230_fa.jpg,0,0,0,0
00445_940422_fb.jpg,00990_960627_ql.jpg,0,0,0,0
00928_960627_fb.jpg,00688_941121_hr.jpg,0,0,0,0
00838_940307_hr.jpg,00994_960627_ql.jpg,0,0,0,0
00438_940422_fb.jpg,00818_940307_fb.jpg,0,0,0,0
00271_940422_hr.jpg,00818_940307_pr.jpg,0,0,0,0
00985_960627_pr.jpg,00985_960627_qr.jpg,1,1,1,1
00400_940422_fb.jpg,00571_940928_fb.jpg,0,0,0,0
00873_940307_fa.jpg,00761_960530_hl.jpg,0,0,0,0
00069_931230_fb.jpg,00647_941031_hr.jpg,0,0,0,0
00227_940128_pr.jpg,00635_941031_rd.jpg,0,0,0,0
00657_941121_fb.jpg,00657_941121_fa.jpg,1,1,1,1
00676_941121_hl.jpg,00676_941121_qr.jpg,1,1,1,1
00168_931230_pl_a.jpg,00168_931230_fa_a.jpg,1,1,1,1
00953_960627_hl.jpg,00953_960627_pr.jpg,1,1,-1,0
00567_940928_ra.jpg,00797_960620_pr.jpg,0,0,0,0
00191_940128_pr.jpg,00191_940128_fb.jpg,1,1,1,1
00869_940307_hl.jpg,00445_940422_fb.jpg,0,0,0,0
00351_940422_hl.jpg,00351_940422_fb.jpg,1,1,1,1
00139_931230_pl.jpg,00115_931230_pl.jpg,0,0,0,0
00474_960627_ra.jpg,00556_940519_hl_b.jpg,0,0,0,0
00220_940128_pr.jpg,00561_940519_pr.jpg,0,0,0,0
00111_931230_pl.jpg,00061_931230_pr.jpg,0,0,-1,0
00202_940128_pr.jpg,00202_940128_pl.jpg,1,1,1,1
00969_960627_hl.jpg,00048_931230_fb_a.jpg,0,0,0,0
00170_931230_hr.jpg,00323_940422_pl.jpg,0,0,0,0
00573_940928_fb.jpg,00573_940928_rb.jpg,1,1,1,1
00863_940307_fa.jpg,00415_940422_hr_a.jpg,0,0,0,0
00520_940519_hl.jpg,00520_940519_ql.jpg,1,1,1,1
00096_931230_pr.jpg,00617_940928_ql.jpg,0,0,0,0
00314_940422_fa.jpg,00314_940422_pl.jpg,1,1,0,0
00319_940422_pr.jpg,00668_941121_fa.jpg,0,0,0,0
00751_960530_qr.jpg,00657_941121_rd.jpg,0,0,0,0
00932_960627_pl.jpg,00932_960627_rb.jpg,1,1,1,1
00819_940307_hr.jpg,00819_940307_fa.jpg,1,1,1,1
00053_931230_fa.jpg,00798_941205_fa.jpg,0,0,0,0
00416_940422_hr.jpg,00416_940422_hl.jpg,1,1,1,1
00555_940519_pr.jpg,00555_940519_fb.jpg,1,1,1,1
00421_940422_hr.jpg,00421_940422_fa.jpg,1,1,1,1
00780_941205_fb.jpg,00780_941205_rd.jpg,1,1,1,1
00961_960627_fb.jpg,00961_960627_fb.jpg,1,1,1,1
00954_960627_qr.jpg,00954_960627_fa.jpg,1,1,1,1
00342_940422_pr.jpg,00342_940422_pr.jpg,1,1,1,1
00635_941031_fa.jpg,00643_941031_pl.jpg,0,0,0,0
00224_940128_pl.jpg,00224_940128_pr.jpg,1,1,1,1
00749_941201_pr.jpg,00755_941201_re.jpg,0,0,0,0
00335_940422_fb_a.jpg,00330_940422_fb.jpg,0,0,0,0
00580_940928_rc.jpg,01207_940128_fa.jpg,0,0,0,0
00715_941205_fb.jpg,00448_940422_hl.jpg,0,0,0,0
00662_941121_pl.jpg,00400_940422_pl.jpg,0,0,0,0
00760_960530_rd.jpg,00760_941201_pl.jpg,1,1,1,1
00966_960627_rd.jpg,00278_940422_fb.jpg,0,0,0,0
00497_940519_fa.jpg,00441_940422_hr.jpg,0,0,0,0
00730_960620_hr.jpg,00536_940519_hl.jpg,0,0,0,0
00629_940928_fb.jpg,00180_931230_fb.jpg,0,0,0,0
00632_940928_fa.jpg,00632_940928_fa.jpg,1,1,1,1
00609_940928_qr.jpg,00222_940128_fb.jpg,0,0,0,0
00340_940422_hl.jpg,00340_940422_pr.jpg,1,1,1,1
00710_941201_fa.jpg,00710_960620_hl.jpg,1,1,1,1
00842_940307_pr.jpg,00842_940307_hr.jpg,1,1,1,1
00447_940422_pl.jpg,00447_940422_fb.jpg,1,1,1,0
00858_940307_fb.jpg,00858_940307_fa.jpg,1,1,1,1
00393_940422_pr.jpg,00393_940422_pr.jpg,1,1,1,1
00271_940422_pr.jpg,00216_940128_fb.jpg,0,0,0,0
00061_931230_hl.jpg,00061_931230_pr.jpg,1,1,1,1
00495_940519_hl.jpg,00909_960530_pr.jpg,0,0,0,0
00505_960627_hr.jpg,00505_960627_hr.jpg,1,1,1,1
00568_940928_fa.jpg,00568_940928_pl.jpg,1,1,1,1
00501_960627_ql.jpg,00838_940307_fb.jpg,0,0,0,0
00168_931230_pr_a.jpg,00174_931230_fa_a.jpg,0,0,0,0
00969_960627_rc.jpg,00954_960627_pl.jpg,0,0,0,0
00530_940519_qr.jpg,00111_931230_fb.jpg,0,0,0,0
00202_940128_pr.jpg,00999_960627_hl.jpg,0,0,0,0
00456_940422_pl.jpg,00054_931230_fa_a.jpg,0,0,0,0
00743_960530_pr.jpg,00743_960530_fb.jpg,1,1,1,1
00905_960530_hr.jpg,00621_940928_hr.jpg,0,0,0,0
00930_960627_re.jpg,00555_940519_pr.jpg,0,0,0,0
00894_960530_pr.jpg,00983_960627_qr.jpg,0,0,0,0
00172_931230_pl.jpg,00172_931230_pl.jpg,1,1,1,1
00108_941031_ql.jpg,00108_941031_rd.jpg,1,1,1,1
00971_960627_fb.jpg,00950_960627_fb.jpg,0,0,0,0
00085_931230_fa.jpg,00085_931230_fa.jpg,1,1,1,1
00477_940519_ql_a.jpg,00988_960627_fa.jpg,0,0,0,0
00926_960627_ql.jpg,00926_960627_rd.jpg,1,1,1,1
00515_940519_qr.jpg,00073_931230_fa.jpg,0,0,0,0
00344_940422_hl.jpg,00123_931230_fa.jpg,0,0,0,0
00686_941121_rc.jpg,00943_960627_rc.jpg,0,0,0,0
00561_940519_ql.jpg,00561_940519_fb_a.jpg,1,1,1,1
00135_931230_hl_a.jpg,00135_931230_fa_a.jpg,1,1,1,1
00416_940422_hr.jpg,00416_940422_pl.jpg,1,1,1,1
00228_940128_fb_a.jpg,00228_940128_fb_a.jpg,1,1,1,1
00812_941205_qr.jpg,00812_960530_pl.jpg,1,1,1,0
00259_940128_hl.jpg,00259_940128_pr.jpg,1,1,1,1
00538_940519_hl_a.jpg,00538_940519_hr_a.jpg,1,1,1,1
00600_940928_ql.jpg,00959_960627_rb.jpg,0,0,0,0
00579_941031_fb.jpg,00592_940928_fa.jpg,0,0,0,0
00060_931230_fb.jpg,00502_940519_hl.jpg,0,0,0,0
00175_931230_hr_a.jpg,00100_931230_pr_a.jpg,0,0,0,0
00252_940128_hr_a.jpg,00245_940128_fb.jpg,0,0,0,0
00415_940422_pl.jpg,00415_940422_fa.jpg,1,1,1,0
00560_940519_pl.jpg,00075_931230_fa.jpg,0,0,0,0
00136_931230_pr.jpg,00743_941201_ra.jpg,0,0,-1,0
00307_940422_pr.jpg,00815_941205_pr.jpg,0,0,0,0
00379_940422_pr.jpg,00379_940422_hr.jpg,1,1,-1,0
00624_940928_pl.jpg,00573_940928_ql.jpg,0,0,0,0
00357_940422_fa.jpg,00357_940422_pl.jpg,1,1,1,0
00730_960620_ra.jpg,00671_941121_re.jpg,0,0,0,0
00253_940128_hr.jpg,00403_940422_hl.jpg,0,0,1,0
00173_931230_hr_a.jpg,00173_931230_pr_a.jpg,1,1,1,1
00638_941031_fa.jpg,00288_940422_pl.jpg,0,0,0,0
00299_940422_pl.jpg,00299_940422_fa.jpg,1,1,1,1
00432_940422_pr.jpg,00432_940422_fa.jpg,1,1,0,0
00534_940519_fa.jpg,00534_940519_pr_a.jpg,1,1,1,1
00160_931230_fa_a.jpg,00160_931230_hl_a.jpg,1,1,1,1
00268_940422_fb.jpg,00528_940519_pr.jpg,0,0,0,0
00167_931230_fa.jpg,00167_931230_fb.jpg,1,1,1,1
00271_940422_pl.jpg,00168_931230_fa_a.jpg,0,0,0,0
00636_941031_ql.jpg,00636_941031_hl.jpg,1,1,1,1
00535_940519_ql_a.jpg,00535_940519_fa_a.jpg,1,1,1,1
00421_940422_hr.jpg,00421_940422_fa.jpg,1,1,1,1
00283_940422_fa.jpg,00283_940422_pr.jpg,1,1,1,0
00441_940422_fa.jpg,00573_940928_hl.jpg,0,0,0,0
00948_960627_qr.jpg,00163_931230_pl.jpg,0,0,0,0
00836_940307_fa.jpg,00836_940307_fa.jpg,1,1,1,1
00308_940422_pr.jpg,00669_941121_rb.jpg,0,0,-1,0
00734_941201_qr.jpg,00115_931230_hr.jpg,0,0,0,0
00578_940928_pl.jpg,00578_940928_qr.jpg,1,1,1,1
00307_940422_hl.jpg,00307_940422_fb.jpg,1,1,1,1
00966_960627_rc.jpg,00671_941121_re.jpg,0,0,0,0
00561_940519_fb.jpg,00561_940519_fb.jpg,1,1,1,1
00663_941121_rc.jpg,00663_941121_pl.jpg,1,1,1,1
00732_941205_ra.jpg,00732_941205_pr.jpg,1,1,1,1
00809_960530_hr.jpg,00809_960530_re.jpg,1,1,1,1
00049_931230_pr.jpg,00049_931230_pr.jpg,1,1,1,1
00329_940422_fb.jpg,00329_940422_hr.jpg,1,1,1,1
01006_960627_qr.jpg,01006_960627_qr.jpg,1,1,1,1
00104_931230_fa.jpg,01004_960627_hl.jpg,0,0,0,0
00325_940422_fb.jpg,00325_940422_hl.jpg,1,1,1,1
00729_941205_pl.jpg,00729_941201_ra.jpg,1,1,1,1
00202_940128_pr.jpg,00202_940128_hr.jpg,1,1,1,1
00747_941201_rc.jpg,00747_941205_hr.jpg,1,1,1,1
00595_940928_qr.jpg,00595_940928_re.jpg,1,1,1,1
00938_960627_ra.jpg,00405_940422_pr.jpg,0,0,-1,0
00487_940519_hl.jpg,00487_940519_ql.jpg,1,1,1,1
00991_960627_fa.jpg,00192_940128_fb.jpg,0,0,0,0
00260_940128_pr.jpg,00504_940519_pr.jpg,0,0,0,0
00528_940519_hr.jpg,00880_960530_fa.jpg,0,0,0,0
00620_940928_rc.jpg,00006_931230_hr.jpg,0,0,0,0
00991_960627_ql.jpg,00668_941121_ra.jpg,0,0,0,0
00044_931230_pr.jpg,00044_931230_pl.jpg,1,1,1,1
00176_931230_fb.jpg,00405_940422_pr.jpg,0,0,-1,0
00642_941121_pr.jpg,00706_941201_ql.jpg,0,0,0,0
00962_960627_hr.jpg,00292_940422_hl.jpg,0,0,0,0
00128_931230_fb_a.jpg,00128_931230_pr_a.jpg,1,1,1,0
00553_940519_hr_a.jpg,00553_940519_hr_a.jpg,1,1,1,1
00754_941201_hr.jpg,00754_941201_hl.jpg,1,1,1,1
00380_940422_fa.jpg,00687_941121_pr.jpg,0,0,0,0
00822_940307_hl.jpg,00416_940422_pl.jpg,0,0,0,0
00950_960627_hl.jpg,00242_940128_fa.jpg,0,0,0,0
00457_940422_hl.jpg,00457_940422_pr.jpg,1,1,1,0
00818_940307_pr.jpg,00818_940307_pr.jpg,1,1,1,1
00641_941031_re.jpg,00445_940422_hr.jpg,0,0,0,0
00581_940928_hl.jpg,00581_940928_pl.jpg,1,1,1,1
00824_940307_pr.jpg,00824_940307_pr.jpg,1,1,1,1
00578_940928_pr.jpg,00971_960627_rc.jpg,0,0,0,0
00638_941121_fa.jpg,00557_940519_qr.jpg,0,0,0,0
00929_960627_qr.jpg,00605_941031_rc.jpg,0,0,0,0
00875_940307_fa.jpg,00588_940928_pl.jpg,0,0,0,0
00154_940128_hl.jpg,00154_940128_pr.jpg,1,1,1,1
00876_960530_fb.jpg,00876_960530_hl.jpg,1,1,1,1
00495_940519_hr_a.jpg,00495_940519_hr_a.jpg,1,1,1,1
00583_940928_hl.jpg,00670_941121_ql.jpg,0,0,0,0
00554_940519_hl.jpg,00554_940519_hr.jpg,1,1,1,1
00950_960627_fb.jpg,00478_940519_ql.jpg,0,0,0,0
00117_931230_fa_a.jpg,00117_931230_pl_a.jpg,1,1,1,0
00946_960627_rd.jpg,00508_940519_fa.jpg,0,0,0,0
00578_940928_pl.jpg,00578_940928_pl.jpg,1,1,1,1
00777_941205_qr.jpg,00777_941205_rc.jpg,1,1,1,1
00137_931230_hr_a.jpg,00119_931230_pr.jpg,0,0,0,0
00507_940519_hl.jpg,00507_940519_fa_a.jpg,1,1,1,1
00285_940422_hr.jpg,00285_940422_hl.jpg,1,1,1,1
00703_941205_fa.jpg,00703_941205_fa.jpg,1,1,1,1
00058_931230_fa.jpg,00058_931230_fa.jpg,1,1,1,1
00876_960620_pr.jpg,00876_960620_re.jpg,1,1,1,1
00275_940422_pr.jpg,00275_940422_fa.jpg,1,1,1,1
00127_931230_fa.jpg,00987_960627_qr.jpg,0,0,0,0
00365_940422_hl.jpg,00294_940422_fb.jpg,0,0,0,0
00711_941205_pr.jpg,00711_960620_re.jpg,1,1,1,1
00981_960627_pl.jpg,00981_960627_fb.jpg,1,1,1,1
00752_941205_rd.jpg,00992_960627_fa.jpg,0,0,0,0
00220_940128_pr.jpg,00220_940128_hl.jpg,1,1,1,0
00443_940422_fa.jpg,00576_940928_fa.jpg,0,0,0,0
00218_940128_hr.jpg,00928_960627_ra.jpg,0,0,0,0
00772_960620_pl.jpg,00337_940422_fb.jpg,0,0,0,0
00698_941121_fa.jpg,00836_940307_fb.jpg,0,0,0,0
00963_960627_hr.jpg,00632_940928_pr.jpg,0,0,0,0
00095_940128_pl.jpg,00095_940128_pr.jpg,1,1,1,1
00284_940422_pr.jpg,00706_960620_rb.jpg,0,0,0,0
00914_960620_hr.jpg,00212_940128_pl_a.jpg,0,0,0,0
00197_940128_hr.jpg,00595_940928_fa.jpg,0,0,0,0
00562_940928_qr.jpg,00562_941031_rb.jpg,1,1,1,1
00613_940928_hl.jpg,00791_941205_hr.jpg,0,0,0,0
00088_931230_fa_a.jpg,00791_941205_rb.jpg,0,0,0,0
00927_960627_pr.jpg,00927_960627_fa.jpg,1,1,1,0
00592_940928_pl.jpg,00592_940928_fb.jpg,1,1,1,1
00231_940128_hl.jpg,00231_940128_pr.jpg,1,1,1,0
00281_940422_fb.jpg,00368_940422_hl_a.jpg,0,0,0,0
01012_960627_hl.jpg,00293_940422_pl.jpg,0,0,0,0
00595_940928_ql.jpg,00028_940128_pl.jpg,0,0,0,0
00378_940422_pr.jpg,00378_940422_pl.jpg,1,1,1,1
00122_931230_fb.jpg,00418_940422_fb.jpg,0,0,0,0
00020_931230_pr.jpg,00709_960530_hr.jpg,0,0,0,0
00739_941205_fa.jpg,00739_941201_ql.jpg,1,1,1,1
00328_940422_hl.jpg,00328_940422_hl.jpg,1,1,1,1
00090_931230_pr.jpg,00354_940422_fa.jpg,0,0,0,0
00623_940928_pr.jpg,00623_940928_fa.jpg,1,1,1,1
00130_931230_pr.jpg,00307_940422_pr.jpg,0,0,0,0
00792_941205_ra.jpg,00792_941205_hr.jpg,1,1,1,1
00672_941121_hl.jpg,00155_931230_pr.jpg,0,0,0,0
00255_940128_hl.jpg,00255_940128_hl.jpg,1,1,1,1
00655_941031_pl.jpg,00941_960627_qr.jpg,0,0,0,0
00531_940519_hr.jpg,00090_931230_fa.jpg,0,0,0,0
00687_941121_qr.jpg,00687_941121_ql.jpg,1,1,1,1
00535_940519_ql_a.jpg,00457_940422_fa.jpg,0,0,0,0
00595_940928_rc.jpg,00336_940422_fa.jpg,0,0,0,0
00479_940519_qr.jpg,00155_931230_fb.jpg,0,0,0,0
00087_931230_hr_a.jpg,00087_931230_fb_a.jpg,1,1,1,1
00241_940128_hl_a.jpg,00484_940519_pr.jpg,0,0,0,0
00352_940422_fa.jpg,00745_941201_fb.jpg,0,0,0,0
00145_931230_hl.jpg,00145_931230_fa.jpg,1,1,1,1
00695_941121_ra.jpg,00695_941121_ra.jpg,1,1,1,1
00597_940928_rb.jpg,00956_960627_fb.jpg,0,0,0,0
00536_940519_fa.jpg,00601_940928_hl.jpg,0,0,0,0
01008_960627_pl.jpg,01008_960627_pr.jpg,1,1,1,0
00421_940422_fb.jpg,00857_940307_pl.jpg,0,0,-1,0
00238_940128_fa.jpg,00166_931230_pl.jpg,0,0,0,0
00164_931230_pl_a.jpg,00416_940422_pl.jpg,0,0,0,0
00049_931230_hl.jpg,00876_960620_hr.jpg,0,0,0,0
00115_931230_hr.jpg,00090_931230_fb.jpg,0,0,0,0
00181_931230_pr.jpg,00449_940422_hl.jpg,0,0,0,0
00060_931230_fb.jpg,00060_931230_fb.jpg,1,1,1,1
00410_940422_pl.jpg,00410_940422_pr.jpg,1,1,-1,0
00861_940307_pl.jpg,00861_940307_pr.jpg,1,1,1,1
00155_940128_hl.jpg,00155_940128_hl.jpg,1,1,1,1
00977_960627_qr.jpg,00645_941031_ql.jpg,0,0,0,0
00228_940128_pl_a.jpg,00976_960627_hr.jpg,0,0,-1,0
00909_960530_ra.jpg,00091_931230_pl.jpg,0,0,0,0
00721_941201_rd.jpg,00930_960627_fa.jpg,0,0,0,0
00740_941205_hr.jpg,00740_941205_pr.jpg,1,1,1,1
00333_940422_fb.jpg,00333_940422_pr.jpg,1,1,1,0
00774_941205_hr.jpg,00774_941201_re.jpg,1,1,1,1
00724_941201_fb.jpg,00782_941205_rd.jpg,0,0,0,0
00871_940307_pl.jpg,00746_941205_hl.jpg,0,0,0,0
00273_940422_fb.jpg,00273_940422_fa.jpg,1,1,1,1
01003_960627_rd.jpg,01003_960627_qr.jpg,1,1,1,1
00812_960530_fb.jpg,00082_931230_fa.jpg,0,0,0,0
00287_940422_pl.jpg,00287_940422_pl_a.jpg,1,1,1,0
00414_940422_pl_a.jpg,00414_940422_pr_a.jpg,1,1,1,1
00583_940928_ql.jpg,00583_940928_hl.jpg,1,1,1,1
00198_940128_pr.jpg,00198_940128_fa.jpg,1,1,1,0
00509_940519_hl_a.jpg,00509_940519_pl_a.jpg,1,1,1,1
00616_941031_rb.jpg,00616_940928_hl.jpg,1,1,1,1
00368_940422_pr_a.jpg,00368_940422_hr_a.jpg,1,1,1,0
00672_941121_hl.jpg,00672_941121_qr.jpg,1,1,1,1
00890_960530_rc.jpg,00693_941121_ql.jpg,0,0,0,0
00664_941121_qr.jpg,00374_940422_pr.jpg,0,0,0,0
00523_940519_pr_a.jpg,00247_941121_hl.jpg,0,0,0,0
00884_960530_qr.jpg,00407_940422_hl.jpg,0,0,0,0
00401_940422_pr.jpg,01001_960627_rc.jpg,0,0,-1,0
00852_940307_hr.jpg,00906_960530_rc.jpg,0,0,1,0
00343_940422_pl_a.jpg,00343_940422_fa.jpg,1,1,1,0
00576_940928_pl.jpg,00149_931230_hr.jpg,0,0,0,0
00126_931230_pr.jpg,00126_931230_hr.jpg,1,1,-1,1
00377_940422_pr.jpg,00253_940128_hl.jpg,0,0,0,0
00987_960627_pr.jpg,00987_960627_ql.jpg,1,1,1,1
00283_940422_pl.jpg,00310_940422_hr.jpg,0,0,0,0
00404_940422_hl.jpg,00379_940422_pl.jpg,0,0,0,0
00116_931230_fb.jpg,00116_931230_pr.jpg,1,1,1,0
00160_931230_pl_a.jpg,00082_931230_hr.jpg,0,0,-1,0
00120_931230_pr.jpg,00120_931230_fa.jpg,1,1,1,0
00544_940519_fa_a.jpg,00544_940519_ql.jpg,1,1,1,1
00811_941205_rc.jpg,00737_941201_rd.jpg,0,0,0,0
00557_940519_ql.jpg,00786_941205_qr.jpg,0,0,0,0
00942_960627_rc.jpg,00714_960620_qr.jpg,0,0,0,0
00548_940519_fb.jpg,00548_940519_fa_a.jpg,1,1,1,1
00450_940422_hl.jpg,00450_940422_pl.jpg,1,1,1,1
00496_940519_qr.jpg,00496_940519_qr.jpg,1,1,1,1
00271_940422_hr.jpg,00271_940422_pr.jpg,1,1,1,1
00290_940422_fa.jpg,00727_941205_hl.jpg,0,0,0,0
00730_960530_ql.jpg,00730_960530_hr.jpg,1,1,1,1
00249_940128_pl_a.jpg,00901_960530_qr.jpg,0,0,0,0
00318_940422_pr.jpg,00698_941121_pr.jpg,0,0,0,0
00630_940928_ql.jpg,00630_941121_fb.jpg,1,1,1,1
00913_960530_fa.jpg,00322_940422_pl.jpg,0,0,0,0
01008_960627_pr.jpg,01008_960627_ql.jpg,1,1,1,0
00984_960627_fa.jpg,00984_960627_fb.jpg,1,1,1,1
00587_940928_hl.jpg,00587_940928_hr.jpg,1,1,1,1
00879_960530_hr.jpg,00967_960627_fa.jpg,0,0,0,0
00623_940928_fb.jpg,00623_940928_rc.jpg,1,1,1,1
00627_941031_ql.jpg,00292_940422_pl.jpg,0,0,0,0
00502_940519_pl.jpg,00502_940519_fb.jpg,1,1,1,1
00202_940128_fb.jpg,00170_931230_pr.jpg,0,0,0,0
00193_940928_pr.jpg,00193_940928_fa.jpg,1,1,1,1
00361_940422_pl.jpg,00778_941205_re.jpg,0,0,0,0
00695_941121_hr.jpg,00695_941121_fa.jpg,1,1,1,1
00668_941121_fa.jpg,00668_941121_fa.jpg,1,1,1,1
00954_960627_fa.jpg,00954_960627_ra.jpg,1,1,1,1
00757_941201_pl.jpg,00757_941201_pl.jpg,1,1,1,1
00950_960627_re.jpg,00235_940128_hl.jpg,0,0,0,0
00360_940422_fa.jpg,00082_931230_pr.jpg,0,0,0,0
00154_940128_pl.jpg,00154_940128_hr.jpg,1,1,1,1
00911_960530_hr.jpg,00742_941201_hr.jpg,0,0,0,0
00521_940519_hr.jpg,00521_940519_fb.jpg,1,1,1,1
00218_940128_pr.jpg,00763_960530_re.jpg,0,0,0,0
00307_940422_fa.jpg,00307_940422_fb.jpg,1,1,1,1
00256_940128_pr.jpg,00256_940128_pr.jpg,1,1,1,1
00674_941121_rc.jpg,00674_941121_ql.jpg,1,1,1,1
00241_940128_hl_a.jpg,00241_940128_pl_a.jpg,1,1,1,0
00201_940128_pl.jpg,00309_940422_pr.jpg,0,0,0,0
00499_940519_pr.jpg,00465_940519_qr_a.jpg,0,0,0,0
00658_941121_fb.jpg,00639_941031_fa.jpg,0,0,0,0
00388_940422_hl.jpg,00388_940422_pl.jpg,1,1,1,1
00216_940128_fb.jpg,00678_941121_hr.jpg,0,0,0,0
00888_960530_pl.jpg,00995_960627_fb.jpg,0,0,0,0
00074_931230_fa_a.jpg,00935_960627_fb.jpg,0,0,0,0
00950_960627_qr.jpg,00950_960627_rd.jpg,1,1,1,1
00094_931230_fa_a.jpg,00094_931230_fb_a.jpg,1,1,1,1
00162_931230_fb.jpg,00283_940422_hr_a.jpg,0,0,0,0
00566_941121_rd.jpg,00566_941121_pl.jpg,1,1,1,1
01208_940128_hr_a.jpg,01208_940128_hl_a.jpg,1,1,1,1
00727_941205_fb.jpg,00673_941121_ql.jpg,0,0,0,0
00180_931230_pr.jpg,00848_940307_fa.jpg,0,0,0,0
00671_941121_qr.jpg,00671_941121_pr.jpg,1,1,1,1
00517_940519_fa_a.jpg,00219_940128_hr_a.jpg,0,0,0,0
00902_960530_rb.jpg,00902_960530_fa.jpg,1,1,1,1
00210_940128_hr.jpg,00210_940422_pr.jpg,1,1,1,0
00499_940519_fa.jpg,00631_940928_fb.jpg,0,0,0,0
00722_960627_ql.jpg,00379_940422_hr.jpg,0,0,0,0
00049_931230_pl.jpg,00049_931230_pr.jpg,1,1,1,0
00539_940519_hr.jpg,00539_940519_hl.jpg,1,1,1,1
00214_940128_fa.jpg,00472_960627_rb.jpg,0,0,0,0
00365_940422_fb.jpg,00365_940422_fa.jpg,1,1,1,1
00575_940928_rc.jpg,00575_940928_pr.jpg,1,1,1,1
00841_940307_hl.jpg,00005_941121_hr.jpg,0,0,0,0
00173_931230_fa_a.jpg,00882_960530_ql.jpg,0,0,0,0
00553_940519_fb_a.jpg,00421_940422_pr.jpg,0,0,0,0
00216_940128_fa.jpg,00216_940128_fa.jpg,1,1,1,1
00545_940519_qr.jpg,00545_940519_ql_a.jpg,1,1,1,1
00197_940128_hr.jpg,00197_940128_pl.jpg,1,1,1,1
00973_960627_qr.jpg,00426_940422_fb.jpg,0,0,0,0
00900_960620_re.jpg,00900_960530_rc.jpg,1,1,1,1
00338_940422_fa.jpg,00338_940422_pl.jpg,1,1,1,0
00797_941205_re.jpg,00797_960620_ql.jpg,1,1,1,1
00911_960530_rb.jpg,00911_960530_ra.jpg,1,1,1,1
00074_931230_hl_a.jpg,00074_931230_hl_a.jpg,1,1,1,1
00534_940519_pl_a.jpg,00235_940128_fa.jpg,0,0,0,0
00418_940422_fb.jpg,00418_940422_fa.jpg,1,1,1,1
00063_931230_hr.jpg,00063_931230_fb.jpg,1,1,1,1
00974_960627_rd.jpg,00974_960627_pr.jpg,1,1,1,1
00668_941121_fa.jpg,00668_941121_hl.jpg,1,1,1,1
00282_940422_hr.jpg,00823_940307_pr_a.jpg,0,0,0,0
00336_940422_pr.jpg,00336_940422_pr.jpg,1,1,1,1
00543_960627_pr.jpg,00521_940519_hr.jpg,0,0,-1,0
00807_960530_hl.jpg,00161_931230_fa_a.jpg,0,0,0,0
00434_940422_hl.jpg,00434_940422_hl.jpg,1,1,1,1
00076_931230_fa.jpg,00437_940422_fb.jpg,0,0,0,0
00902_960530_hl.jpg,00218_940128_fa.jpg,0,0,0,0
00745_941205_fb.jpg,00231_940128_pr.jpg,0,0,0,0
00147_931230_fb.jpg,00099_931230_hr_a.jpg,0,0,0,0
00880_960530_pl.jpg,00880_960530_rd.jpg,1,1,1,0
00746_941205_hl.jpg,00115_931230_hr.jpg,0,0,0,0
00078_931230_pl_a.jpg,00876_960530_fa.jpg,0,0,0,0
00784_941205_ra.jpg,00602_940928_hr.jpg,0,0,0,0
00687_941121_rb.jpg,00080_931230_pr.jpg,0,0,0,0
00303_940422_fb.jpg,00227_940128_fb.jpg,0,0,0,0
00665_941121_hl.jpg,00639_941031_hl.jpg,0,0,0,0
00344_940422_hr.jpg,00344_940422_hl.jpg,1,1,1,1
00803_941205_fb.jpg,00803_941205_rc.jpg,1,1,1,1
00076_931230_hr.jpg,00076_931230_pl.jpg,1,1,-1,0
00813_941205_pl.jpg,00937_960627_hr.jpg,0,0,0,0
00512_940519_pr.jpg,00570_940928_qr_a.jpg,0,0,0,0
00627_940928_ra.jpg,00627_941031_rc.jpg,1,1,1,1
00644_941031_pl.jpg,00061_931230_hl.jpg,0,0,0,0
00764_941205_ql.jpg,00837_940307_pl.jpg,0,0,0,0
00951_960627_ql.jpg,00592_940928_ql.jpg,0,0,0,0
00543_940519_pl.jpg,00530_940519_pl.jpg,0,0,0,0
00724_960530_ql.jpg,00409_940422_pr.jpg,0,0,0,0
00774_960620_hl.jpg,00774_960620_rc.jpg,1,1,1,1
00866_940307_hr.jpg,00639_941031_pr.jpg,0,0,0,0
00647_941031_ra.jpg,00621_940928_hl.jpg,0,0,0,0
00102_931230_pl.jpg,00128_931230_hr_a.jpg,0,0,-1,0
00084_931230_fa.jpg,00084_931230_pl.jpg,1,1,1,1
00127_931230_fa.jpg,00520_940519_ql_a.jpg,0,0,0,0
00254_941121_fa.jpg,00071_931230_hl.jpg,0,0,0,0
00093_941121_fb.jpg,00093_931230_fb.jpg,1,1,1,1
00321_940422_pr.jpg,00357_940422_pr.jpg,0,0,0,0
00212_940128_pl_a.jpg,00212_940128_fb_a.jpg,1,1,1,0
00327_940422_hl.jpg,00327_940422_pr.jpg,1,1,1,0
00148_931230_hr.jpg,00148_931230_fb.jpg,1,1,1,1
00318_940422_fa.jpg,00318_940422_fa.jpg,1,1,1,1
00462_940422_pl.jpg,00149_931230_fb.jpg,0,0,0,0
00863_940307_pl.jpg,00229_940128_pl.jpg,0,0,0,0
00420_940422_hl.jpg,00371_940422_pl_a.jpg,0,0,0,0
00634_940928_pl.jpg,00634_940928_hr.jpg,1,1,1,1
00662_941121_hr.jpg,00662_941121_re.jpg,1,1,1,1
00769_941201_ra.jpg,00504_940519_pl.jpg,0,1,-1,0
00628_940928_pr.jpg,00628_940928_hr.jpg,1,1,1,1
00596_940928_hl.jpg,00596_941121_re.jpg,1,1,1,1
00766_960530_ql.jpg,00821_940307_fa.jpg,0,0,0,0
00978_960627_hl.jpg,00978_960627_fb.jpg,1,1,1,1
00471_940519_ql.jpg,00433_940422_fb.jpg,0,0,0,0
00423_940422_fb.jpg,00423_940422_hl.jpg,1,1,1,1
00839_940307_pr.jpg,00081_941031_rd.jpg,0,0,0,0
00755_941201_fa.jpg,00755_941201_re.jpg,1,1,1,1
00677_941121_fa.jpg,00303_940422_fa.jpg,0,0,0,0
00271_940422_pl.jpg,00271_940422_pr.jpg,1,1,1,1
00663_941121_fb.jpg,00465_940519_qr_a.jpg,0,0,0,0
00381_940422_fa.jpg,00575_940928_pr.jpg,0,0,0,0
00584_941031_ql.jpg,00549_940519_ql.jpg,0,0,0,0
00134_931230_pl_a.jpg,00961_960627_rb.jpg,0,0,0,0
00768_960530_hr.jpg,00768_941201_hl.jpg,1,1,1,1
00792_941205_pl.jpg,00792_941205_hl.jpg,1,1,1,1
00673_941121_rc.jpg,00673_941121_pr.jpg,1,1,1,1
00423_940422_pl.jpg,00423_940422_pl.jpg,1,1,1,1
00901_960530_qr.jpg,00901_960530_hl.jpg,1,1,1,1
00487_940519_fb.jpg,00487_940519_hr.jpg,1,1,1,1
00447_940422_pr.jpg,00447_940422_fb.jpg,1,1,0,1
00261_940128_fb.jpg,00261_940128_pl.jpg,1,1,1,1
00379_940422_pl.jpg,00379_940422_hl.jpg,1,1,0,0
00771_960530_hr.jpg,00937_960627_qr.jpg,0,0,0,0
00711_941205_rb.jpg,00794_960530_pr.jpg,0,0,0,0
00102_931230_pr.jpg,00680_941121_fb.jpg,0,0,0,0
00368_940422_hl_a.jpg,00343_940422_hl_a.jpg,0,0,0,0
00690_941121_re.jpg,00310_940422_hr.jpg,0,0,0,0
00198_940128_fa.jpg,00291_940422_fb.jpg,0,0,0,0
00450_940422_hr.jpg,00450_940422_hr.jpg,1,1,1,1
00438_940422_hl.jpg,00312_940422_pl.jpg,0,0,1,0
00700_941121_rc.jpg,00700_941121_pl.jpg,1,1,1,1
00559_940519_qr.jpg,00559_940519_pl.jpg,1,1,1,1
00255_940128_pl.jpg,00255_940128_pr.jpg,1,1,-1,0
00412_940422_hl.jpg,00076_931230_pr.jpg,0,0,0,0
00291_940422_fa.jpg,00353_940422_fa.jpg,0,0,0,0
00628_940928_fb.jpg,00628_940928_ql.jpg,1,1,1,1
00855_940307_fa.jpg,00855_940307_hr.jpg,1,1,1,1
00914_960620_hr.jpg,00344_940422_hr.jpg,0,0,0,0
00211_940128_pr.jpg,00211_940128_fb.jpg,1,1,1,1
00281_940422_hr.jpg,00281_940422_fa.jpg,1,1,1,1
00284_940422_pr.jpg,00098_931230_fb.jpg,0,0,0,0
00682_941121_pl.jpg,00682_941121_ra.jpg,1,1,1,1
00211_940128_hl.jpg,00211_940128_hl.jpg,1,1,1,1
00790_941205_re.jpg,00790_941205_fb.jpg,1,1,1,1
00818_940307_fa.jpg,00106_931230_hr_a.jpg,0,0,0,0
00708_941205_rb.jpg,00550_940519_pl.jpg,0,0,0,0
00707_941205_hl.jpg,00707_941201_hl.jpg,1,1,1,1
00572_940928_ql.jpg,00347_940422_fa.jpg,0,0,0,0
00791_941205_rb.jpg,00791_941205_pr.jpg,1,1,1,1
00579_941031_re.jpg,00355_940422_hl.jpg,0,0,0,0
00560_940519_hl.jpg,00989_960627_hr.jpg,0,0,0,0
00629_940928_qr.jpg,00629_940928_pl.jpg,1,1,1,1
00038_940128_hl.jpg,00038_940128_hl.jpg,1,1,1,1
00656_941121_ra.jpg,00469_940519_pl.jpg,0,0,0,0
00856_940307_fa.jpg,00856_940307_hr.jpg,1,1,1,1
00062_931230_pr.jpg,00415_940422_pr.jpg,0,0,0,0
00165_931230_pr_a.jpg,00554_940519_pr.jpg,0,0,0,0
00824_940307_hl.jpg,00979_960627_hr.jpg,0,0,0,0
00919_960620_hl.jpg,00821_940307_fa.jpg,0,0,0,0
00325_940422_fa_a.jpg,00325_940422_pl_a.jpg,1,1,1,1
01003_960627_pl.jpg,01003_960627_rc.jpg,1,1,1,1
00609_940928_ra.jpg,00609_940928_hr.jpg,1,1,1,1
00100_931230_pr_a.jpg,00375_940422_hr.jpg,0,0,0,0
00508_960627_fb.jpg,00508_960627_pr.jpg,1,1,1,0
00256_940128_hl.jpg,00183_940128_pl.jpg,0,0,0,0
00086_940422_pr.jpg,00086_940422_hr.jpg,1,1,1,1
00670_941121_fb.jpg,00670_941121_fb.jpg,1,1,1,1
00280_940422_pr.jpg,00570_940928_rc.jpg,0,0,0,0
00456_940422_fb.jpg,00373_940422_hr.jpg,0,0,0,0
00506_940519_fb.jpg,00506_940519_pr_a.jpg,1,1,1,0
00524_940519_hl.jpg,00729_941205_rb.jpg,0,0,0,0
00858_940307_fb.jpg,00609_940928_ra.jpg,0,0,0,0
00139_931230_fa.jpg,00094_931230_pl_a.jpg,0,0,0,0
00833_940307_fb_a.jpg,01007_960627_rb.jpg,0,0,0,0
00310_940422_pr.jpg,00310_940422_fa.jpg,1,1,1,0
00637_941031_fa.jpg,00637_941031_rb.jpg,1,1,1,1
00586_940928_re.jpg,00482_940519_qr.jpg,0,0,0,0
00170_931230_fb.jpg,00170_931230_hr.jpg,1,1,1,1
00885_960530_qr.jpg,00732_941205_ra.jpg,0,0,0,0
00102_931230_fb.jpg,00102_931230_hr.jpg,1,1,1,1
00364_940422_pr.jpg,00922_960627_re.jpg,0,0,0,0
00652_941031_pr.jpg,00338_940422_hr.jpg,0,0,0,0
00859_940307_fb.jpg,00077_931230_hr.jpg,0,0,0,0
00751_941205_pr.jpg,00751_960530_ql.jpg,1,1,1,1
00164_931230_pl_a.jpg,00164_931230_hl_a.jpg,1,1,1,0
00683_941121_pr.jpg,00683_941121_rd.jpg,1,1,1,1
00754_941201_fa.jpg,00754_941201_hl.jpg,1,1,1,1
00554_940519_pl.jpg,00554_940519_pl.jpg,1,1,1,1
00925_960627_qr.jpg,00804_960530_rb.jpg,0,0,0,0
00621_940928_fb.jpg,00770_960530_ql_a.jpg,0,0,0,0
00305_940422_hl.jpg,00350_940422_fa.jpg,0,0,0,0
00242_940128_fa.jpg,00242_940128_hl.jpg,1,1,1,1
00803_941205_ql.jpg,00803_941205_re.jpg,1,1,1,1
00671_941121_hl.jpg,00671_941121_fb.jpg,1,1,1,1
00286_940422_fa.jpg,00744_941201_qr.jpg,0,0,0,0
00092_931230_fb.jpg,00092_931230_pl.jpg,1,1,-1,1
00573_940928_hl.jpg,00251_940128_pr.jpg,0,0,0,0
00073_931230_fa.jpg,00073_931230_fb.jpg,1,1,1,1
00337_940422_fa.jpg,00337_940422_fb.jpg,1,1,1,1
00776_941205_fb.jpg,00776_941205_ql.jpg,1,1,1,1
00345_940422_hr.jpg,00345_940422_hl.jpg,1,1,1,1
00255_940128_hr.jpg,00255_940128_hl.jpg,1,1,1,1
00490_940519_hl.jpg,00165_931230_fa_a.jpg,0,0,0,0
00966_960627_fb.jpg,00966_960627_fb.jpg,1,1,1,1
00768_941205_ql.jpg,00768_941205_fa.jpg,1,1,1,1
00837_940307_pl.jpg,00837_940307_hr.jpg,1,1,0,0
00341_940422_pr.jpg,00953_960627_rb.jpg,0,0,0,0
00067_931230_fb_a.jpg,00067_931230_pr_a.jpg,1,1,1,1
00326_940422_pl_a.jpg,00767_960530_ra.jpg,0,0,0,0
00943_960627_fa.jpg,00727_941201_ra.jpg,0,0,0,0
00066_931230_hl_a.jpg,00066_931230_fa_a.jpg,1,1,1,1
00230_940128_pr.jpg,00230_940128_hl.jpg,1,1,1,0
00801_941205_pl.jpg,00502_940519_fa.jpg,0,0,0,0
00924_960627_fb.jpg,00448_940422_fb.jpg,0,0,0,0
00135_931230_hl_a.jpg,00135_931230_fa_a.jpg,1,1,1,1
00736_941201_ra.jpg,00539_940519_fb.jpg,0,0,0,0
00862_940307_fa.jpg,00862_940307_hl.jpg,1,1,1,1
00561_940519_hl.jpg,00561_940519_fb_a.jpg,1,1,1,1
00882_960530_ql.jpg,00620_940928_ra.jpg,0,0,0,0
00960_960627_fa.jpg,00685_941121_fb.jpg,0,0,0,0
00375_940422_hr.jpg,00375_940422_hr.jpg,1,1,1,1
00612_940928_ql.jpg,00612_940928_pr.jpg,1,1,1,1
00276_940422_fa_a.jpg,00276_940422_hr.jpg,1,1,1,1
00519_940519_ql_a.jpg,00519_940519_hr.jpg,1,1,1,1
00285_940422_pr.jpg,00541_940519_hl.jpg,0,0,0,0
00074_931230_fb_a.jpg,00071_940128_fa.jpg,0,0,0,0
00753_941201_ql.jpg,00753_941201_hr.jpg,1,1,1,1
00728_941205_hl.jpg,00430_940422_hr.jpg,0,0,0,0
00349_940422_fa.jpg,00349_940422_pl.jpg,1,1,0,0
00502_940519_pr_a.jpg,00269_940422_pr_a.jpg,0,0,0,0
00765_941201_hl.jpg,00765_941201_ra.jpg,1,1,1,1
00705_941205_pr.jpg,00705_960620_pl.jpg,1,1,1,0
00115_931230_hr.jpg,00585_940928_qr.jpg,0,0,0,0
00123_931230_fb.jpg,00880_960530_hr.jpg,0,0,0,0
00088_931230_hr_a.jpg,00088_931230_hr_a.jpg,1,1,1,1
00291_940422_hr.jpg,00916_960620_rb.jpg,0,0,0,0
00903_960530_qr.jpg,00003_941121_fa.jpg,0,0,0,0
00729_941205_hr.jpg,00565_941121_hr.jpg,0,0,0,0
00828_940307_hl.jpg,00580_940928_rc.jpg,0,0,0,0
00655_941031_ql.jpg,00655_941031_hl.jpg,1,1,1,1
00058_931230_fa.jpg,00058_931230_pl.jpg,1,1,-1,0
00817_941205_qr.jpg,00817_941205_fa.jpg,1,1,1,1
00316_940422_hr.jpg,00663_941121_fb.jpg,0,0,0,0
00824_940307_hr.jpg,00179_931230_fa.jpg,0,0,0,0
00831_940307_pr.jpg,00831_940307_hr.jpg,1,1,1,1
00718_941201_hr.jpg,00110_931230_hr.jpg,0,0,0,0
00079_931230_pl_a.jpg,00079_931230_pl_a.jpg,1,1,1,1
00648_941031_pr.jpg,00648_941121_rd.jpg,1,1,1,1
00385_940422_hr.jpg,00385_940422_fa.jpg,1,1,1,1
00394_940422_pl.jpg,00394_940422_hr.jpg,1,1,1,1
00292_940422_fa_a.jpg,00292_940422_fb_a.jpg,1,1,1,1
00682_941121_hl.jpg,00958_960627_fa.jpg,0,0,0,0
00919_960620_fb.jpg,00919_960620_ra.jpg,1,1,1,1
00908_960530_pl.jpg,00908_960530_ra.jpg,1,1,1,1
00855_940307_hl.jpg,00806_960620_pr.jpg,0,0,0,0
00128_931230_fb_a.jpg,00128_931230_pl_a.jpg,1,1,0,0
00564_941031_hl.jpg,00954_960627_hr.jpg,0,0,0,0
00675_941121_qr.jpg,00675_941121_pr.jpg,1,1,1,1
00480_940519_fa.jpg,00480_940519_pr.jpg,1,1,1,1
00222_940128_pr.jpg,00222_940128_hr.jpg,1,1,1,1
00839_940307_hr.jpg,00839_940307_hl.jpg,1,1,1,1
00466_940519_pr.jpg,00466_940519_hl.jpg,1,1,1,1
00268_960530_ra.jpg,00452_940422_hl.jpg,0,0,0,0
00758_960530_rd.jpg,00351_940422_fa.jpg,0,0,0,0
00461_940422_fa.jpg,00461_940422_fa_a.jpg,1,1,1,1
00532_940519_fb.jpg,00532_940519_pr.jpg,1,1,1,1
00531_940519_pl.jpg,00531_960627_ra.jpg,1,1,1,1
00622_941121_hr.jpg,00981_960627_pr.jpg,0,0,0,0
00622_941121_pl.jpg,00883_960530_hr.jpg,0,0,0,0
00211_940128_fb.jpg,00211_940128_pl.jpg,1,1,1,1
00057_931230_pl.jpg,00057_931230_fa.jpg,1,1,1,0
00563_940928_hl.jpg,00563_940928_ql.jpg,1,1,1,1
00723_941201_pl.jpg,00118_931230_fb_a.jpg,0,0,0,0
00462_940422_pl.jpg,00462_940422_hr.jpg,1,1,1,1
00594_941121_qr.jpg,01012_960627_rb.jpg,0,0,0,0
00596_940928_rd.jpg,00583_940928_ra.jpg,0,0,0,0
00567_940928_ql.jpg,00567_940928_pr.jpg,1,1,1,1
00301_940422_pl.jpg,00301_940422_fa.jpg,1,1,1,1
00911_960530_pl.jpg,00911_960530_fa.jpg,1,1,1,0
00378_940422_hr.jpg,00378_940422_fb.jpg,1,1,1,1
00511_940519_fb.jpg,00602_940928_fa.jpg,0,0,0,0
00244_940128_fb.jpg,00239_940128_hl.jpg,0,0,0,0
00472_940519_hl_a.jpg,00712_941205_qr.jpg,0,0,0,0
00803_941205_re.jpg,00803_941205_re.jpg,1,1,1,1
00120_931230_pr.jpg,00735_941201_qr.jpg,0,0,0,0
00764_941205_hr.jpg,00764_941201_ql.jpg,1,1,1,1
00936_960627_ql.jpg,00936_960627_ra.jpg,1,1,1,1
00413_940422_pr.jpg,00646_941031_pl.jpg,0,0,0,0
00254_941121_ql.jpg,00489_940519_fa.jpg,0,0,0,0
00137_931230_pl_a.jpg,00611_940928_pl.jpg,0,0,0,0
00377_940422_hr.jpg,00377_940422_hl.jpg,1,1,1,1
00985_960627_pl.jpg,00985_960627_fa.jpg,1,1,1,1
00729_941201_fa.jpg,01005_960627_rc.jpg,0,0,0,0
00505_940519_ql.jpg,00697_941121_rb.jpg,0,0,0,0
00822_940307_hr.jpg,00137_931230_fa_a.jpg,0,0,0,0
00985_960627_hl.jpg,00803_941205_hr.jpg,0,0,0,0
00360_940422_fa.jpg,00738_941201_pl.jpg,0,0,0,0
00888_960530_ql.jpg,00888_960530_ra.jpg,1,1,1,1
00993_960627_pr.jpg,00993_960627_fa.jpg,1,1,1,1
00092_931230_fa.jpg,00772_941201_fb.jpg,0,0,0,0
00505_960627_ra.jpg,00505_960627_qr.jpg,1,1,1,1
00290_940422_pr.jpg,00801_941205_qr.jpg,0,0,0,0
00369_940422_fb.jpg,00237_940128_hl.jpg,0,0,0,0
00172_931230_fa.jpg,00766_941201_hl.jpg,0,0,0,0
00057_931230_pr.jpg,00057_931230_fa.jpg,1,1,1,0
00097_931230_pr.jpg,00097_931230_pr.jpg,1,1,1,1
00371_940422_pr_a.jpg,00723_941201_pl.jpg,0,0,0,0
00935_960627_pl.jpg,00403_940422_hl.jpg,0,0,0,0
00121_931230_pr.jpg,00121_931230_pr.jpg,1,1,1,1
00773_941201_qr.jpg,00773_960530_qr.jpg,1,1,1,1
00180_931230_pr.jpg,00054_931230_fa_a.jpg,0,0,0,0
00654_941031_rc.jpg,00654_941031_hr.jpg,1,1,1,1
00158_931230_hr.jpg,00368_940422_hr_a.jpg,0,0,0,0
00732_960620_qr.jpg,00819_940307_pl.jpg,0,0,0,0
00781_941205_fb.jpg,00781_941205_rb.jpg,1,1,1,1
00530_940519_hr.jpg,00395_940422_hr.jpg,0,0,0,0
00124_931230_pr.jpg,00124_931230_pr.jpg,1,1,1,1
00351_940422_fa.jpg,00643_941031_pr.jpg,0,0,0,0
00230_940128_fb.jpg,00230_940128_pr.jpg,1,1,1,0
00965_960627_hr.jpg,00220_940128_fb.jpg,0,0,0,0
00474_960627_pr.jpg,00585_940928_fb.jpg,0,0,0,0
00158_931230_pl.jpg,00988_960627_pl.jpg,0,0,0,0
00235_940128_pl.jpg,00235_940128_hl.jpg,1,1,-1,0
00377_940422_hr.jpg,00619_940928_qr.jpg,0,0,0,0
00706_941205_qr.jpg,00392_940422_hl_a.jpg,0,0,0,0
00324_940422_pr.jpg,00024_940128_hr_a.jpg,0,0,0,0
00399_940422_fb.jpg,00399_940422_hr.jpg,1,1,1,1
00888_960530_rb.jpg,00888_960530_ql.jpg,1,1,1,1
00221_940128_fb.jpg,00221_940128_pl.jpg,1,1,1,1
00761_960627_hl.jpg,00761_960620_fa.jpg,1,1,1,1
00713_941205_pr.jpg,00713_941205_qr.jpg,1,-1,-1,1
00106_931230_hr_a.jpg,00106_931230_fb_a.jpg,1,1,1,1
00575_940928_fb.jpg,00575_940928_fa.jpg,1,1,1,1
00675_941121_hr.jpg,00175_931230_pr_a.jpg,0,0,0,0
00676_941121_pl.jpg,00676_941121_hr.jpg,1,1,1,1
00584_941031_ra.jpg,00434_940422_fa.jpg,0,0,0,0
00725_941205_pr.jpg,00259_940128_pl.jpg,0,0,0,0
00235_940128_pl.jpg,00235_940128_hr.jpg,1,1,-1,0
00321_940422_pl.jpg,00148_931230_fb.jpg,0,0,0,0
00816_941205_rc.jpg,00295_940422_fb_a.jpg,0,0,0,0
00514_940519_fa.jpg,00514_940519_pl_a.jpg,1,1,1,1
00582_940928_hr.jpg,00582_940928_rd.jpg,1,1,1,1
00791_941205_rc.jpg,00791_941205_fa.jpg,1,1,1,1
00823_940307_fa.jpg,00292_940422_fa.jpg,0,0,0,0
00621_940928_hr.jpg,00621_941121_fa.jpg,1,1,1,1
00365_940422_hl.jpg,00365_940422_fa.jpg,1,1,1,1
00997_960627_rb.jpg,00997_960627_hr.jpg,1,1,1,1
00654_941031_re.jpg,00341_940422_fa.jpg,0,0,0,0
00663_941121_hl.jpg,00663_941121_pr.jpg,1,1,1,1
00306_940422_fb.jpg,00607_940928_qr.jpg,0,0,0,0
00526_940519_qr.jpg,00292_940422_hl.jpg,0,0,0,0
00439_940422_fa.jpg,00439_940422_pl.jpg,1,1,1,0
00570_940928_rb.jpg,00337_940422_hr.jpg,0,0,0,0
00287_940422_fb.jpg,00053_931230_pl.jpg,0,-1,-1,0
00868_940307_pl.jpg,00868_940307_fa.jpg,1,-1,1,1
00386_940422_fa.jpg,00386_940422_pr.jpg,1,-1,-1,0
00504_940519_pl.jpg,00504_940519_fb.jpg,1,-1,-1,0
00385_940422_fb.jpg,00385_940422_pr.jpg,1,-1,-1,0
00603_940928_pl.jpg,00603_940928_pl.jpg,1,1,1,1
00533_960627_fa.jpg,00533_960627_hl.jpg,1,-1,1,1
00386_940422_hl.jpg,00386_940422_pr.jpg,1,-1,-1,0
00346_940422_pr.jpg,00152_931230_fa.jpg,0,-1,-1,0
00802_941205_pl.jpg,00385_940422_pr.jpg,0,-1,-1,0